Time Stamp,Accel x,Accel y,Accel z,Gyro x,Gyro y,Gyro z,Yaw (Deg),Pitch (Deg),Roll (Deg)
318231718,-1785,-0320,-0877,-0010,0004,0017,093.9237,025.1019,-011.1477
318237529,-1767,-0311,-0874,-0010,0002,0016,091.4651,025.9206,-009.9983
318243245,-1797,-0314,-0873,-0009,0002,0012,091.3872,025.9804,-009.9722
318248932,-1786,-0322,-0855,-0005,0006,0012,091.5982,025.5269,-009.8976
318254627,-1773,-0319,-0886,-0004,0005,0014,092.4381,025.1879,-010.2559
318260345,-1785,-0295,-0871,0000,0011,0012,091.4790,026.3411,-010.1856
318266034,-1791,-0305,-0875,0003,0013,0005,090.5299,025.6317,-009.2818
318271648,-1795,-0286,-0871,0003,0016,-0003,091.1655,025.7315,-009.7096
318277331,-1778,-0289,-0864,0004,0015,-0009,090.0622,025.5922,-008.9744
318282994,-1771,-0281,-0885,0004,0012,-0015,090.5371,025.6324,-009.2715
318288702,-1759,-0300,-0859,0001,0010,-0017,089.5958,026.3646,-008.9841
318294375,-1763,-0288,-0865,0000,0013,-0019,091.3375,025.6459,-009.7528
318300002,-1754,-0291,-0844,-0004,0009,-0022,090.3605,025.8596,-009.2369
318305677,-1773,-0301,-0868,-0007,0007,-0015,091.0516,025.3596,-009.4378
318311311,-1761,-0312,-0843,-0009,0008,-0018,091.1106,025.8187,-009.6645
318317008,-1759,-0313,-0851,-0013,-0003,-0016,092.2766,025.1803,-010.0865
318322759,-1761,-0327,-0882,-0012,-0005,-0015,092.0557,025.5012,-010.0926
318328523,-1760,-0310,-0869,-0009,-0010,-0016,092.2459,026.3239,-010.5890
318334284,-1750,-0294,-0880,-0007,-0012,-0017,091.5227,025.8782,-009.9184
318339960,-1765,-0309,-0877,-0006,-0006,-0013,090.4879,026.4275,-009.4985
318345629,-1771,-0289,-0890,-0003,-0003,-0013,091.5416,026.0345,-009.9863
318351298,-1766,-0288,-0901,0003,-0005,-0008,089.9935,026.4239,-009.1742
318356887,-1778,-0285,-0876,0002,-0004,-0007,089.9472,026.7610,-009.2743
318362513,-1786,-0275,-0894,0001,-0001,-0007,090.2586,025.8456,-009.0888
318368100,-1778,-0269,-0887,0004,0009,0000,089.3157,026.3788,-008.7154
318373598,-1795,-0267,-0883,0000,0007,0000,089.2101,026.2456,-008.5913
318378996,-1801,-0279,-0903,0006,0010,0002,089.1877,025.9287,-008.4511
318384611,-1798,-0285,-0877,0013,0009,0005,089.5376,026.4056,-008.8436
318390305,-1785,-0258,-0893,0018,0010,0010,090.3348,025.6417,-009.0251
318396052,-1799,-0269,-0880,0023,0003,0012,088.3168,026.4430,-008.1046
318401752,-1774,-0263,-0866,0013,0008,0014,089.4907,025.7412,-008.5492
318407480,-1764,-0292,-0884,0017,0004,0015,089.2441,025.7794,-008.4136
318413190,-1762,-0299,-0870,0015,0007,0010,090.6823,026.3827,-009.5352
318418889,-1728,-0272,-0882,0019,0010,0012,091.1702,025.9097,-009.6399
318424645,-1746,-0279,-0873,0020,0007,0016,089.3559,026.8320,-008.8809
318430351,-1736,-0291,-0892,0027,0007,0021,090.0731,026.2280,-009.0921
318436084,-1740,-0289,-0892,0030,0009,0022,090.3394,026.9443,-009.5577
318441848,-1746,-0279,-0877,0033,0000,0020,090.1959,026.8106,-009.4132
318447430,-1747,-0277,-0853,0034,-0001,0022,089.9170,026.3488,-009.0524
318453161,-1758,-0291,-0878,0034,-0001,0019,090.2636,025.6939,-009.0039
318458913,-1758,-0295,-0884,0036,0004,0018,090.5755,026.3005,-009.4502
318464651,-1767,-0302,-0890,0037,0005,0015,090.6466,026.3864,-009.5356
318470383,-1757,-0293,-0893,0032,0007,0015,090.9206,026.4061,-009.7217
318476115,-1771,-0279,-0889,0031,-0001,0009,090.3014,026.6527,-009.4343
318481844,-1775,-0293,-0906,0028,0000,0011,089.6310,026.3333,-008.8844
318487470,-1769,-0302,-0874,0021,-0003,0013,090.2167,026.7754,-009.4304
318493204,-1757,-0322,-0883,0025,-0002,0019,091.2883,025.8561,-009.7180
318498920,-1746,-0318,-0881,0023,0003,0014,092.1138,026.3644,-010.4741
318504721,-1765,-0338,-0878,0027,0005,0018,091.8052,026.4048,-010.2996
318510514,-1788,-0309,-0874,0033,0007,0018,093.0679,025.9813,-010.9236
318516327,-1781,-0301,-0901,0037,0007,0021,091.2313,025.6790,-009.6364
318522053,-1757,-0310,-0881,0041,0003,0022,090.4898,026.6269,-009.5844
318527826,-1776,-0290,-0885,0037,0001,0024,091.4939,026.2305,-010.0591
318533573,-1785,-0301,-0873,0036,-0001,0023,090.0847,026.1782,-009.1573
318539291,-1783,-0296,-0883,0032,0004,0017,091.1729,025.6870,-009.6255
318545057,-1767,-0300,-0895,0031,0004,0013,090.5172,026.0890,-009.3956
318550736,-1757,-0285,-0899,0030,0008,0008,090.6088,026.5984,-009.6707
318556385,-1776,-0291,-0889,0023,0008,0005,089.6653,026.8218,-009.1597
318562071,-1766,-0299,-0873,0025,0011,0001,090.3204,026.2218,-009.3273
318567817,-1781,-0315,-0873,0027,0015,0002,091.0187,025.9562,-009.6512
318573514,-1787,-0297,-0870,0030,0015,0008,091.8551,025.7435,-010.0824
318579247,-1766,-0285,-0874,0032,0017,0008,090.7272,025.6445,-009.3490
318585016,-1787,-0267,-0881,0033,0013,0011,090.0791,026.0975,-009.1428
318590811,-1762,-0272,-0870,0032,0014,0015,088.9343,025.9806,-008.4000
318596567,-1769,-0279,-0862,0034,0009,0021,089.6015,026.0159,-008.8193
318602267,-1781,-0273,-0872,0033,0004,0023,090.0852,025.6654,-008.9752
318607982,-1776,-0269,-0889,0033,-0001,0030,089.4567,025.8448,-008.6705
318613672,-1755,-0277,-0875,0032,0001,0032,088.9847,026.3976,-008.5967
318619374,-1755,-0282,-0888,0035,0003,0035,089.7593,026.1986,-009.0005
318625065,-1760,-0298,-0892,0030,0004,0034,089.7211,026.5861,-009.1348
318630804,-1743,-0294,-0907,0033,0006,0039,090.5770,026.5463,-009.6667
318636527,-1730,-0299,-0902,0035,0007,0038,089.9407,027.2417,-009.5530
318642232,-1750,-0301,-0869,0037,0007,0037,090.3740,027.1878,-009.8216
318647930,-1741,-0302,-0868,0034,0006,0030,091.0642,025.9749,-009.7473
318653625,-1764,-0308,-0893,0034,0007,0025,091.0678,026.1778,-009.8446
318659331,-1758,-0290,-0875,0035,0010,0019,090.9050,026.5532,-009.9110
318665082,-1755,-0284,-0895,0037,0009,0014,090.2346,026.1079,-009.3028
318670793,-1761,-0289,-0873,0042,0010,0009,089.5843,026.8029,-009.1811
318676488,-1782,-0281,-0895,0048,0008,0011,090.3608,025.9862,-009.3388
318682220,-1770,-0268,-0875,0049,0008,0007,089.3688,026.4427,-008.9132
318687887,-1796,-0268,-0889,0054,0010,0007,089.0997,026.0024,-008.5811
318693597,-1810,-0273,-0868,0051,0007,0009,088.8700,026.0947,-008.4799
318699256,-1789,-0285,-0897,0046,0011,0011,089.5698,025.2905,-008.5912
318705061,-1783,-0296,-0878,0047,0014,0013,089.6497,026.5115,-009.1285
318710845,-1773,-0304,-0885,0046,0012,0015,090.6505,025.8225,-009.4711
318716583,-1779,-0298,-0871,0040,0010,0016,090.8216,026.2524,-009.7683
318722329,-1754,-0300,-0864,0036,0013,0016,090.7133,025.7087,-009.4722
318728094,-1797,-0319,-0885,0036,0013,0014,090.9793,025.9227,-009.7338
318733900,-1772,-0319,-0881,0042,0013,0016,091.6194,025.8630,-010.1150
318739802,-1770,-0311,-0866,0046,0009,0016,091.5963,026.1108,-010.2231
318745601,-1753,-0306,-0860,0048,0005,0017,091.4297,025.6707,-009.9291
318751320,-1764,-0293,-0884,0049,0001,0016,091.2741,025.8029,-009.9005
318757077,-1722,-0294,-0861,0052,0003,0015,090.0104,026.3764,-009.3648
318762767,-1750,-0270,-0870,0049,-0002,0013,090.6470,026.2256,-009.7077
318768474,-1741,-0262,-0851,0049,-0002,0011,089.0420,026.1560,-008.6874
318774222,-1737,-0277,-0856,0047,-0006,0011,089.0633,025.7656,-008.5521
318779962,-1750,-0272,-0893,0047,-0005,0010,089.8419,025.9583,-009.1030
318785655,-1761,-0277,-0874,0047,-0006,0010,088.7976,026.8462,-008.8068
318791350,-1766,-0278,-0885,0046,-0007,0015,089.5436,026.0329,-008.9548
318797055,-1773,-0293,-0882,0040,-0003,0016,089.3040,026.3739,-008.9447
318802763,-1776,-0288,-0883,0039,-0002,0017,090.2784,026.1058,-009.4441
318808510,-1775,-0325,-0906,0040,0002,0018,089.8148,026.1434,-009.1761
318814197,-1789,-0305,-0890,0034,0004,0017,091.5400,026.7273,-010.5357
318819976,-1789,-0318,-0869,0029,0006,0021,090.4779,026.0415,-009.5552
318825740,-1784,-0311,-0869,0021,0005,0022,091.8212,025.4911,-010.1472
318831519,-1801,-0330,-0885,0023,0008,0018,091.2046,025.6578,-009.8459
318837233,-1809,-0315,-0869,0020,0012,0024,092.0388,025.8167,-010.4442
318843018,-1796,-0320,-0882,0027,0008,0018,091.4008,025.2617,-009.8001
318848751,-1779,-0295,-0887,0025,0008,0018,091.4954,025.8775,-010.1408
318854515,-1795,-0306,-0895,0028,0002,0012,089.9104,026.2363,-009.3068
318860228,-1788,-0297,-0868,0027,0001,0011,090.6172,026.1652,-009.7202
318865955,-1786,-0315,-0901,0023,-0002,0004,090.5447,025.5096,-009.3940
318871609,-1774,-0278,-0880,0014,0001,-0001,090.9361,026.5317,-010.0814
318877325,-1773,-0310,-0903,0008,0002,-0003,089.1398,026.0497,-008.7485
318882931,-1775,-0329,-0903,0005,0008,-0005,090.7967,026.7163,-010.0619
318888606,-1770,-0313,-0892,0005,0011,-0005,091.6690,026.5608,-010.5571
318894328,-1771,-0313,-0877,0003,0010,-0005,090.8775,026.3733,-009.9571
318899947,-1757,-0320,-0871,0010,0010,-0006,091.2976,025.9533,-010.0339
318905715,-1773,-0309,-0874,0020,0007,-0006,091.7827,026.0058,-010.3655
318911397,-1776,-0281,-0890,0019,0007,-0004,091.0088,025.8897,-009.8263
318917078,-1771,-0282,-0884,0021,0005,-0005,089.1585,026.3936,-008.8828
318922744,-1770,-0284,-0870,0024,0004,0000,089.5801,026.2202,-009.0723
318928259,-1775,-0270,-0883,0025,0005,0005,089.8998,025.8586,-009.1209
318933918,-1769,-0275,-0889,0028,0005,0009,088.7866,026.2318,-008.5866
318939555,-1779,-0280,-0871,0030,-0003,0014,089.1208,026.4270,-008.8668
318945246,-1746,-0279,-0895,0026,-0003,0018,089.7142,025.7255,-008.9512
318950984,-1749,-0267,-0883,0019,-0002,0017,089.1324,026.9868,-009.0904
318956745,-1755,-0285,-0893,0010,0001,0020,088.7241,026.4715,-008.6279
318962378,-1765,-0298,-0898,0009,0005,0021,089.6374,026.6910,-009.2831
318968072,-1770,-0286,-0897,0004,0009,0019,090.2011,026.6382,-009.6168
318973730,-1777,-0293,-0873,0008,0014,0020,089.4571,026.5751,-009.1155
318979436,-1781,-0294,-0898,0006,0015,0021,090.4344,025.7698,-009.3881
318985147,-1792,-0314,-0874,0008,0020,0017,089.8784,026.5506,-009.3656
318990866,-1785,-0298,-0870,0015,0017,0011,091.5986,025.5519,-010.0085
318996716,-1781,-0307,-0862,0016,0016,0009,090.4821,025.7006,-009.3889
319002444,-1790,-0317,-0876,0025,0011,0007,091.3746,025.4726,-009.8374
319008161,-1789,-0278,-0902,0031,0008,0010,091.5335,025.7641,-010.0716
319013902,-1782,-0300,-0903,0041,0006,0007,088.7240,026.5810,-008.6644
319019524,-1774,-0290,-0864,0046,0010,0008,090.3241,026.5482,-009.6629
319025232,-1771,-0263,-0870,0048,0006,0008,090.3085,025.5619,-009.2426
319030886,-1770,-0271,-0906,0050,0004,0011,088.5765,025.9548,-008.3581
319036575,-1761,-0272,-0885,0043,-0004,0007,088.6119,026.9591,-008.7587
319042220,-1742,-0269,-0882,0041,-0002,0013,089.0257,026.3498,-008.7841
319047959,-1737,-0273,-0883,0034,-0002,0013,088.8593,026.6024,-008.7777
319053696,-1738,-0285,-0887,0030,0001,0018,089.0839,026.6687,-008.9436
319059410,-1715,-0278,-0873,0035,0002,0021,089.6730,026.7352,-009.3453
319065131,-1712,-0278,-0886,0040,0002,0026,089.4730,026.6733,-009.1968
319070834,-1727,-0292,-0872,0043,0001,0028,089.2496,027.0779,-009.2208
319076550,-1742,-0295,-0877,0044,0000,0027,090.2846,026.4230,-009.6178
319082185,-1729,-0283,-0888,0040,0001,0031,090.2747,026.3940,-009.6053
319087901,-1747,-0298,-0868,0040,-0003,0030,089.3919,026.9152,-009.2634
319093567,-1766,-0304,-0890,0037,-0005,0031,090.6779,026.0220,-009.7078
319099294,-1766,-0293,-0902,0034,-0008,0034,090.4609,026.4638,-009.7675
319105009,-1786,-0301,-0903,0033,-0009,0033,089.6151,026.7756,-009.3624
319110745,-1764,-0298,-0892,0032,-0007,0031,090.1681,026.4578,-009.5853
319116508,-1788,-0306,-0907,0032,-0005,0027,090.1291,026.5031,-009.5831
319122248,-1789,-0299,-0905,0032,-0001,0020,090.3028,026.5703,-009.7254
319127971,-1809,-0324,-0897,0030,0001,0013,089.9209,026.5080,-009.4574
319133671,-1820,-0320,-0888,0033,0005,0011,091.5178,025.9611,-010.2318
319139480,-1807,-0329,-0889,0038,0010,0002,091.2901,025.6292,-009.9445
319145199,-1820,-0314,-0900,0036,0012,0002,091.7976,025.8538,-010.3700
319150956,-1826,-0308,-0892,0043,0013,-0001,090.6631,025.9968,-009.7279
319156685,-1792,-0304,-0873,0048,0010,-0004,090.6100,025.6897,-009.5672
319162393,-1797,-0278,-0855,0051,0012,0002,090.7520,025.6513,-009.6442
319168113,-1786,-0284,-0901,0047,0015,0004,089.5149,025.1228,-008.6882
319173822,-1783,-0304,-0878,0042,0019,0003,089.1542,026.6818,-009.0916
319179549,-1753,-0282,-0894,0037,0021,0003,090.8121,025.7927,-009.7586
319185284,-1760,-0285,-0894,0034,0020,0003,088.9919,026.8549,-009.0602
319190978,-1754,-0293,-0900,0029,0021,0004,089.4006,026.6074,-009.2191
319196673,-1751,-0285,-0880,0020,0018,0005,089.6989,026.8800,-009.5190
319202376,-1738,-0290,-0894,0018,0016,0008,089.5779,026.3370,-009.2161
319208120,-1763,-0283,-0898,0016,0011,0010,089.6211,026.9685,-009.5002
319213904,-1749,-0297,-0877,0018,0010,0011,089.1330,026.6603,-009.0600
319219663,-1757,-0307,-0874,0022,0004,0013,090.4101,026.2647,-009.7010
319225371,-1735,-0299,-0856,0020,0009,0011,090.9010,026.0886,-009.9343
319231108,-1755,-0294,-0855,0018,0004,0013,090.7479,025.9172,-009.7636
319236870,-1752,-0293,-0874,0013,0005,0012,090.4860,025.6372,-009.4799
319242616,-1765,-0298,-0873,0009,0008,0014,090.0754,026.2673,-009.4909
319248289,-1750,-0297,-0875,0011,-0001,0011,090.4448,025.9659,-009.5907
319253962,-1758,-0283,-0870,0010,0001,0012,090.3080,026.2682,-009.6322
319259640,-1750,-0298,-0873,0012,-0001,0009,089.6162,026.0146,-009.0928
319265273,-1767,-0295,-0838,0012,-0008,0012,090.4948,026.1984,-009.7130
319270981,-1762,-0289,-0873,0011,-0009,0005,090.9570,024.9580,-009.4549
319276696,-1772,-0294,-0853,0012,-0006,0005,089.8339,026.1950,-009.2950
319282364,-1764,-0284,-0889,0010,-0005,0001,090.6751,025.3138,-009.4339
319288009,-1767,-0294,-0893,0007,-0003,0003,089.2843,026.6001,-009.1066
319293610,-1770,-0285,-0859,0009,0002,0002,089.9692,026.4848,-009.4867
319299234,-1752,-0280,-0885,0013,0006,0005,090.0226,025.5165,-009.1140
319304897,-1759,-0274,-0860,0015,0009,0008,089.2349,026.6234,-009.0749
319310597,-1775,-0272,-0894,0019,0016,0010,089.4353,025.7104,-008.8322
319316365,-1788,-0267,-0875,0017,0010,0015,088.6499,026.5874,-008.6894
319322093,-1783,-0279,-0886,0019,0002,0017,088.8239,025.7248,-008.4628
319327826,-1776,-0289,-0894,0019,0000,0019,089.3231,026.2080,-008.9509
319333450,-1787,-0276,-0875,0020,0000,0017,089.6915,026.4443,-009.2739
319339017,-1758,-0285,-0886,0017,-0002,0020,089.2487,025.7568,-008.7238
319344737,-1769,-0284,-0894,0017,-0001,0013,089.6315,026.5395,-009.2698
319350463,-1777,-0273,-0863,0022,-0003,0012,089.3783,026.5122,-009.0972
319356176,-1796,-0283,-0892,0021,-0002,0010,089.3505,025.5309,-008.6880
319361864,-1797,-0275,-0882,0026,-0002,0008,089.4088,026.2073,-008.9895
319367479,-1783,-0287,-0877,0025,-0003,0007,089.1248,025.8428,-008.6702
319373112,-1790,-0285,-0858,0030,-0003,0003,089.9668,025.9056,-009.2060
319378749,-1788,-0273,-0909,0031,-0003,0005,090.1163,025.2592,-009.0302
319384421,-1787,-0287,-0894,0032,-0003,0006,088.4384,026.8664,-008.6368
319390078,-1774,-0286,-0899,0031,-0002,0006,089.7213,026.2162,-009.1827
319395761,-1773,-0301,-0865,0029,-0005,0012,089.4133,026.6235,-009.1543
319401462,-1773,-0304,-0885,0030,-0004,0013,090.9948,025.5655,-009.6942
319407178,-1760,-0295,-0884,0027,0000,0018,090.5456,026.2859,-009.7313
319412842,-1763,-0313,-0885,0026,0002,0022,090.1022,026.3585,-009.4845
319418572,-1764,-0313,-0873,0020,0004,0023,091.1833,026.2927,-010.1437
319424339,-1765,-0294,-0878,0017,0010,0024,091.2716,025.9384,-010.0431
319430118,-1771,-0313,-0885,0014,0013,0027,090.0231,026.1689,-009.3633
319435885,-1782,-0314,-0888,0015,0015,0027,091.1857,026.2106,-010.1148
319441733,-1784,-0313,-0882,0016,0011,0026,091.0021,026.1314,-009.9656
319447563,-1797,-0290,-0873,0015,0008,0022,091.0972,025.9397,-009.9419
319453286,-1812,-0295,-0872,0014,0008,0021,089.9111,025.5830,-009.0610
319459046,-1773,-0306,-0875,0009,0006,0016,090.3925,025.3848,-009.2655
319464721,-1766,-0277,-0865,0004,0002,0009,090.9306,026.0121,-009.8627
319470339,-1765,-0290,-0868,-0002,0004,0007,089.3855,025.8044,-008.8189
319475932,-1762,-0290,-0870,0008,0005,-0001,090.2583,025.8953,-009.3830
319481557,-1765,-0283,-0898,0008,0007,-0001,090.1399,025.9853,-009.3433
319487180,-1760,-0273,-0873,0014,0007,-0004,089.2224,026.7641,-009.0817
319492864,-1729,-0276,-0873,0019,0007,-0005,089.2243,026.0462,-008.7945
319498561,-1739,-0277,-0887,0021,0009,0001,089.3971,026.5345,-009.0915
319504225,-1757,-0279,-0894,0020,0008,0003,089.1962,026.7537,-009.0484
319509829,-1751,-0304,-0869,0017,0012,0009,089.2040,026.6761,-009.0189
319515548,-1760,-0307,-0892,0016,0010,0006,091.1165,025.9955,-009.9344
319521249,-1754,-0289,-0870,0013,0007,0010,090.6180,026.6084,-009.8866
319526979,-1740,-0306,-0866,0005,0004,0003,090.0896,026.0226,-009.2997
319532586,-1753,-0290,-0888,0003,0008,0002,091.1801,026.1216,-010.0199
319538258,-1779,-0290,-0886,0002,0006,0002,089.7565,026.6052,-009.3204
319543821,-1771,-0294,-0884,0004,0009,0002,089.9637,026.1342,-009.2510
319549418,-1770,-0291,-0874,0006,0006,0002,090.2217,026.2276,-009.4458
319555027,-1764,-0285,-0850,0005,0003,0005,090.2166,025.9498,-009.3219
319560617,-1771,-0271,-0882,0007,0002,0005,090.3415,025.3997,-009.1647
319566210,-1770,-0282,-0861,0012,-0001,0014,088.8857,026.3057,-008.6395
319571909,-1757,-0275,-0880,0011,-0004,0011,090.1157,025.5812,-009.0962
319577623,-1747,-0312,-0880,0012,-0005,0013,089.1998,026.4151,-008.8666
319583370,-1767,-0304,-0881,0009,-0005,0016,091.4553,026.3673,-010.2695
319589115,-1770,-0296,-0883,0011,-0007,0013,090.6986,026.1357,-009.6852
319594878,-1762,-0323,-0875,0011,-0001,0015,090.2921,026.2070,-009.4593
319600571,-1777,-0285,-0873,0010,-0002,0009,092.0870,026.0089,-010.5040
319606261,-1763,-0301,-0882,0007,0001,0001,089.6631,025.8580,-008.9261
319611831,-1799,-0316,-0875,0006,0002,0002,090.7422,026.2927,-009.7716
319617414,-1785,-0275,-0900,0011,0005,0001,091.6214,025.5299,-009.9815
319623052,-1811,-0310,-0864,0012,0005,0001,088.6876,026.6058,-008.6074
319628707,-1804,-0300,-0906,0014,0005,-0003,091.7574,025.0376,-009.8297
319634327,-1803,-0287,-0902,0015,0003,-0003,090.0381,026.4991,-009.4015
319639961,-1796,-0284,-0868,0017,0005,-0002,089.5679,026.2709,-009.0105
319645618,-1798,-0287,-0855,0016,0006,-0008,090.0952,025.4313,-008.9879
319651305,-1788,-0287,-0881,0019,0014,0000,090.4714,025.1219,-009.0823
319656947,-1781,-0278,-0869,0023,0014,-0002,089.9144,026.0513,-009.1281
319662644,-1772,-0263,-0887,0028,0014,0005,089.6738,025.6990,-008.8397
319668354,-1761,-0285,-0892,0026,0015,0011,088.4600,026.4389,-008.3838
319674126,-1750,-0268,-0899,0025,0019,0020,089.8495,026.5901,-009.3089
319679830,-1749,-0267,-0873,0026,0017,0021,088.5483,026.9646,-008.6314
319685631,-1765,-0296,-0873,0031,0019,0024,089.0985,026.1924,-008.6805
319691397,-1757,-0282,-0872,0029,0012,0019,090.7806,025.9792,-009.6332
319697186,-1750,-0287,-0864,0024,0011,0017,089.7392,026.1243,-009.0501
319702937,-1758,-0307,-0872,0020,0011,0014,090.3145,025.9627,-009.3379
319708711,-1729,-0295,-0883,0023,0009,0015,091.2767,026.0530,-009.9788
319714429,-1755,-0303,-0880,0025,0006,0015,090.2683,026.7801,-009.6544
319720100,-1777,-0292,-0888,0023,0000,0013,090.8713,026.2405,-009.8086
319725707,-1748,-0288,-0869,0025,-0004,0009,090.0190,026.2454,-009.2761
319731340,-1764,-0297,-0874,0027,-0005,0008,090.2450,026.1155,-009.3630
319737036,-1770,-0293,-0899,0024,0000,0007,090.6555,026.0281,-009.5816
319742592,-1785,-0269,-0864,0021,-0002,0001,089.9060,026.6783,-009.3810
319748239,-1772,-0289,-0894,0024,0000,0001,089.2380,025.4457,-008.4787
319753781,-1772,-0282,-0894,0022,0008,0002,089.9337,026.5898,-009.3567
319759489,-1750,-0298,-0863,0021,0009,-0001,089.4516,026.4718,-009.0026
319765136,-1762,-0300,-0886,0027,0008,-0002,091.0032,025.8821,-009.7231
319770784,-1784,-0287,-0874,0027,0012,-0005,090.5260,026.4310,-009.6612
319776534,-1779,-0301,-0873,0030,0015,-0006,090.0513,025.7300,-009.0742
319782199,-1776,-0311,-0881,0032,0014,-0008,090.9698,025.8346,-009.6819
319787923,-1782,-0307,-0868,0026,0015,-0005,091.2669,026.0745,-009.9748
319793645,-1792,-0303,-0870,0026,0011,-0004,091.2566,025.5849,-009.7532
319799394,-1796,-0302,-0847,0027,0010,-0001,090.9725,025.5812,-009.5797
319805129,-1788,-0314,-0869,0028,0003,0000,091.4397,024.8534,-009.5445
319810697,-1771,-0301,-0870,0025,0000,0005,091.6084,025.6603,-010.0095
319816252,-1758,-0288,-0856,0018,-0001,0007,090.8163,025.8580,-009.6070
319821925,-1761,-0279,-0874,0016,-0001,0011,090.4202,025.6449,-009.2731
319827648,-1770,-0283,-0906,0019,0002,0015,089.5679,026.1708,-008.9655
319833375,-1775,-0270,-0861,0020,0000,0016,089.3152,026.9067,-009.0975
319838946,-1765,-0267,-0882,0025,0001,0020,089.4126,025.5054,-008.6059
319844592,-1754,-0267,-0899,0028,0001,0018,088.8407,026.3872,-008.5986
319850325,-1766,-0286,-0886,0026,0009,0017,088.6092,026.9370,-008.6599
319856080,-1786,-0281,-0920,0026,0010,0018,090.0047,026.2654,-009.2713
319861845,-1776,-0267,-0897,0027,0015,0019,088.8931,027.0731,-008.8909
319867605,-1764,-0292,-0899,0029,0016,0014,088.6407,026.4683,-008.5006
319873456,-1773,-0293,-0896,0031,0013,0018,090.1450,026.7343,-009.5534
319879264,-1769,-0297,-0865,0033,0013,0017,090.0051,026.4671,-009.3563
319885071,-1786,-0310,-0886,0032,0015,0020,090.8718,025.6464,-009.5522
319890836,-1759,-0313,-0869,0029,0020,0020,091.0763,026.1126,-009.8873
319896568,-1773,-0293,-0871,0026,0021,0016,091.5618,025.9223,-010.1126
319902452,-1760,-0314,-0876,0029,0015,0015,090.2303,025.8513,-009.2593
319908205,-1748,-0304,-0893,0032,0015,0016,091.5808,026.1425,-010.2342
319914063,-1750,-0284,-0882,0025,0010,0013,090.4556,026.8059,-009.8082
319919769,-1771,-0301,-0875,0033,0011,0015,089.6846,026.4148,-009.1567
319925512,-1765,-0310,-0874,0035,0013,0014,090.9157,025.9088,-009.7156
319931301,-1757,-0274,-0866,0036,0013,0019,091.2801,026.0150,-009.9967
319937123,-1752,-0299,-0889,0034,0015,0019,089.2473,025.9627,-008.7225
319942895,-1758,-0279,-0882,0041,0014,0022,090.5350,026.6612,-009.8188
319948696,-1757,-0265,-0865,0043,0015,0025,089.3089,026.3210,-008.9096
319954427,-1760,-0262,-0881,0045,0011,0022,088.9557,025.9211,-008.5421
319960214,-1735,-0278,-0886,0040,0011,0019,088.5156,026.3990,-008.4559
319965974,-1734,-0277,-0921,0043,0008,0016,089.4084,026.7949,-009.1699
319971703,-1751,-0264,-0875,0042,0010,0013,088.6455,027.7870,-009.0664
319977463,-1738,-0282,-0883,0039,0014,0013,088.7827,026.1551,-008.5291
319983267,-1758,-0300,-0881,0042,0016,0011,089.6757,026.6912,-009.2980
319989061,-1771,-0283,-0884,0043,0017,0014,090.6648,026.2373,-009.7390
319994839,-1765,-0302,-0863,0046,0020,0014,089.4376,026.2431,-008.9804
320000588,-1762,-0278,-0911,0048,0013,0016,091.1506,025.6683,-009.8029
320006410,-1783,-0291,-0853,0047,0015,0021,088.5189,027.2966,-008.8186
320012172,-1777,-0302,-0875,0051,0016,0023,090.8289,025.0114,-009.3274
320017928,-1787,-0268,-0913,0053,0010,0022,090.6963,026.0330,-009.6963
320023678,-1799,-0287,-0876,0053,0007,0024,088.0001,026.9120,-008.3645
320029401,-1802,-0299,-0889,0058,0006,0027,090.1416,025.5278,-009.1484
320035125,-1774,-0272,-0878,0062,0008,0029,090.3010,026.0054,-009.4561
320040851,-1782,-0268,-0883,0072,0009,0030,088.8649,026.0754,-008.6139
320046589,-1777,-0264,-0881,0073,0010,0035,088.7111,026.1081,-008.5430
320052395,-1773,-0269,-0903,0078,0016,0038,088.5019,026.1267,-008.4344
320058190,-1753,-0279,-0862,0079,0016,0035,088.4216,026.8246,-008.6588
320063956,-1776,-0294,-0908,0079,0022,0036,089.7266,025.8123,-009.0816
320069737,-1757,-0292,-0900,0071,0022,0037,089.5669,026.9188,-009.4482
320075471,-1787,-0313,-0872,0064,0028,0038,089.5993,026.7988,-009.4312
320081272,-1761,-0326,-0882,0059,0029,0038,091.3715,025.5162,-010.0021
320087119,-1784,-0342,-0909,0054,0020,0039,091.6372,026.3432,-010.5658
320092920,-1767,-0341,-0889,0054,0016,0039,091.9041,026.6209,-010.8879
320098777,-1781,-0342,-0894,0046,0013,0040,092.2145,026.2363,-010.9205
320104594,-1763,-0347,-0900,0049,0007,0038,092.0893,026.2410,-010.8557
320110375,-1762,-0341,-0899,0050,0012,0036,092.2352,026.6626,-011.1728
320116215,-1771,-0315,-0869,0056,0013,0034,091.8686,026.5990,-010.9139
320122063,-1746,-0312,-0884,0051,0012,0027,091.0370,025.6589,-009.9556
320127837,-1761,-0316,-0889,0054,0014,0021,090.6696,026.6024,-010.1561
320133686,-1750,-0288,-0875,0048,0016,0015,090.8355,026.3954,-010.1785
320139436,-1755,-0300,-0889,0043,0012,0009,089.4771,026.2465,-009.2589
320145111,-1772,-0299,-0880,0033,0016,0008,090.0466,026.5719,-009.7567
320150835,-1769,-0272,-0901,0031,0015,0008,090.0941,026.0268,-009.5547
320156553,-1752,-0287,-0884,0028,0017,0002,088.0990,026.8266,-008.6256
320162272,-1783,-0295,-0880,0030,0018,0001,089.5551,026.4340,-009.3846
320167979,-1749,-0285,-0878,0034,0013,-0001,089.9384,025.9033,-009.4019
320173693,-1763,-0287,-0852,0027,0007,0000,089.3498,026.4064,-009.2431
320179256,-1746,-0283,-0864,0026,0007,-0001,090.0185,025.4370,-009.2505
320184909,-1741,-0287,-0873,0031,0003,-0002,089.5114,026.0819,-009.2086
320190572,-1761,-0283,-0880,0029,0004,0004,089.6089,026.3433,-009.3762
320196245,-1742,-0290,-0875,0028,0007,0002,089.2368,026.2520,-009.1048
320201876,-1740,-0291,-0903,0029,0009,0002,089.7675,026.3667,-009.4828
320207559,-1775,-0282,-0872,0028,0005,0007,089.2590,027.1886,-009.4971
320213216,-1769,-0303,-0890,0027,0003,0007,089.3773,025.7306,-008.9753
320218869,-1771,-0304,-0871,0024,-0003,0009,090.2485,026.4607,-009.8210
320224527,-1778,-0293,-0889,0019,-0004,0013,090.5692,025.7847,-009.7275
320230334,-1766,-0291,-0895,0021,-0001,0016,089.5009,026.3325,-009.2948
320236081,-1769,-0279,-0886,0018,0003,0018,089.4338,026.6025,-009.3615
320241797,-1787,-0291,-0878,0021,0001,0022,088.9093,026.2834,-008.9024
320247532,-1791,-0304,-0860,0022,-0002,0019,089.8565,025.8112,-009.2916
320253327,-1786,-0307,-0899,0019,-0002,0017,090.8859,025.2589,-009.6799
320259074,-1789,-0309,-0894,0017,-0004,0008,090.1179,026.5466,-009.7629
320264748,-1769,-0319,-0881,0018,-0006,0010,090.4357,026.1740,-009.8019
320270446,-1758,-0292,-0895,0017,-0002,0004,091.2461,026.0989,-010.2809
320276169,-1763,-0304,-0871,0020,0003,0006,089.2906,026.7440,-009.3132
320281794,-1771,-0301,-0894,0022,0006,0005,090.6990,025.8797,-009.8324
320287450,-1788,-0276,-0876,0028,0006,0008,089.9140,026.5343,-009.6222
320293082,-1774,-0277,-0878,0027,0010,0007,088.9059,025.7588,-008.6815
320298807,-1769,-0286,-0890,0026,0011,0008,089.0519,026.1046,-008.9038
320304512,-1787,-0287,-0912,0024,0013,0007,089.3436,026.4591,-009.2250
320310311,-1782,-0288,-0882,0024,0012,0007,088.9564,026.7876,-009.1101
320316017,-1787,-0280,-0886,0028,0004,0004,089.6386,025.9431,-009.1922
320321680,-1755,-0285,-0884,0029,0001,0008,089.0034,026.1141,-008.8702
320327305,-1779,-0273,-0896,0030,0003,0008,089.4073,026.4684,-009.2623
320332927,-1755,-0296,-0880,0032,0003,0009,088.4526,026.4635,-008.6626
320338602,-1753,-0281,-0887,0041,0006,0017,090.1786,026.2915,-009.6745
320344311,-1749,-0271,-0889,0041,0008,0021,088.9769,026.5769,-009.0390
320350057,-1765,-0253,-0887,0041,0010,0029,088.4890,026.6819,-008.7761
320355798,-1773,-0261,-0864,0049,0012,0025,087.5105,026.4194,-008.0755
320361547,-1772,-0265,-0895,0047,0011,0031,088.5256,025.6542,-008.4075
320367355,-1762,-0256,-0902,0050,0011,0032,088.0585,026.6938,-008.5178
320373141,-1755,-0272,-0893,0050,0010,0033,087.4674,026.8933,-008.2240
320378856,-1787,-0253,-0887,0047,0007,0032,088.6374,026.6696,-008.8764
320384608,-1757,-0265,-0869,0051,0007,0033,087.4523,026.1026,-007.9417
320390304,-1765,-0273,-0893,0047,0006,0034,088.6280,026.0560,-008.6366
320395998,-1758,-0266,-0898,0049,0008,0033,088.5390,026.6352,-008.8094
320401717,-1779,-0297,-0866,0048,0011,0027,088.0495,026.8184,-008.5747
320407515,-1781,-0304,-0870,0044,0011,0027,090.5999,025.4722,-009.6092
320413300,-1771,-0312,-0873,0042,0007,0024,090.5338,025.7489,-009.6960
320419027,-1784,-0313,-0859,0040,0010,0022,090.9444,025.9170,-010.0324
320424808,-1748,-0316,-0887,0041,0005,0022,091.2356,025.2909,-009.9371
320430530,-1753,-0289,-0868,0047,0010,0020,090.7692,026.6982,-010.2886
320436322,-1745,-0301,-0874,0047,0006,0025,089.6332,025.9629,-009.2569
320442029,-1731,-0331,-0875,0039,0010,0021,090.3280,026.3016,-009.8393
320447809,-1759,-0307,-0893,0035,0009,0023,091.9174,026.4149,-010.9243
320453556,-1761,-0303,-0869,0031,0009,0020,089.9780,026.5930,-009.7516
320459266,-1776,-0323,-0871,0026,0007,0018,090.4939,025.8601,-009.7609
320464999,-1761,-0315,-0869,0021,0003,0019,091.5693,025.7422,-010.3820
320470802,-1774,-0294,-0865,0016,0000,0015,090.9859,025.9306,-010.1032
320476471,-1777,-0311,-0897,0015,-0005,0014,089.9177,025.6561,-009.3213
320482185,-1779,-0285,-0887,0015,0000,0008,090.4118,026.5477,-010.0125
320487763,-1781,-0307,-0906,0019,0001,0008,089.0662,026.1746,-009.0045
320493402,-1792,-0293,-0881,0027,0002,0004,090.1184,026.6779,-009.8768
320499093,-1776,-0285,-0903,0035,0004,0003,089.6736,025.7857,-009.2203
320504725,-1782,-0294,-0886,0033,0006,0000,088.8548,026.7678,-009.1086
320510288,-1758,-0288,-0886,0033,0007,0002,089.7756,026.0665,-009.3989
320515952,-1788,-0285,-0863,0031,0006,0002,089.3334,026.4880,-009.2964
320521636,-1775,-0287,-0883,0027,0006,0005,089.6548,025.3600,-009.0291
320527293,-1784,-0288,-0861,0021,0004,0005,089.3436,026.2636,-009.2070
320532946,-1770,-0291,-0894,0017,0002,0007,089.8790,025.3781,-009.1653
320538625,-1769,-0286,-0881,0010,0005,0009,089.3442,026.6522,-009.3583
320544258,-1759,-0295,-0906,0012,0004,0011,089.3794,026.1256,-009.1602
320549986,-1776,-0294,-0886,0017,0004,0016,089.4303,027.0527,-009.5718
320555701,-1764,-0274,-0886,0018,0009,0015,089.7496,026.0959,-009.3736
320561417,-1755,-0274,-0868,0029,0007,0018,088.5317,026.4359,-008.7540
320567231,-1771,-0282,-0875,0029,0007,0017,089.0276,025.9964,-008.8857
320572947,-1749,-0264,-0885,0028,0006,0020,089.3130,026.0106,-009.0656
320578633,-1770,-0286,-0902,0030,0006,0022,088.0507,026.6392,-008.5293
320584273,-1771,-0251,-0886,0028,0010,0024,089.1590,026.7160,-009.2554
320589981,-1761,-0272,-0887,0026,0006,0024,087.2419,026.3030,-007.9081
320595681,-1750,-0305,-0883,0026,0008,0029,088.7259,026.4847,-008.8836
320601382,-1749,-0299,-0908,0023,0017,0030,090.5166,026.4291,-009.9929
320607219,-1754,-0300,-0918,0024,0016,0033,089.4556,027.2127,-009.6444
320612941,-1766,-0314,-0877,0020,0015,0034,089.4876,027.3036,-009.7041
320618681,-1759,-0295,-0889,0019,0014,0035,091.0857,025.8948,-010.1203
320624522,-1766,-0312,-0932,0020,0019,0039,089.4777,026.5947,-009.4114
320630302,-1784,-0331,-0893,0024,0015,0037,089.8793,027.5972,-010.1018
320636102,-1771,-0306,-0875,0033,0011,0035,091.6503,026.0182,-010.5571
320641885,-1771,-0293,-0889,0031,0007,0028,090.3030,025.9505,-009.6820
320647606,-1770,-0313,-0888,0032,0004,0023,089.4585,026.4032,-009.3480
320653350,-1765,-0305,-0906,0027,0001,0022,090.7683,026.2722,-010.1231
320659205,-1761,-0310,-0895,0029,0005,0021,089.7335,026.9264,-009.7453
320664919,-1770,-0284,-0905,0036,0008,0017,090.4038,026.5430,-010.0162
320670717,-1755,-0271,-0899,0040,0005,0011,088.5942,026.8228,-008.9779
320676417,-1760,-0279,-0886,0047,0009,0009,088.2263,026.8544,-008.7579
320682097,-1753,-0259,-0902,0048,0011,0008,088.9662,026.3889,-009.0417
320687804,-1769,-0268,-0861,0052,0012,0006,087.4295,027.0517,-008.3308
320693503,-1771,-0274,-0874,0050,0019,0008,088.8637,025.5606,-008.6496
320699204,-1751,-0292,-0871,0049,0019,0005,088.8185,026.0612,-008.8209
320704941,-1757,-0293,-0869,0048,0021,0004,089.9299,026.1477,-009.5464
320710658,-1767,-0297,-0888,0036,0015,0005,089.8983,025.9929,-009.4630
320716389,-1779,-0301,-0878,0032,0011,0006,089.7570,026.4198,-009.5558
320722110,-1765,-0332,-0881,0028,0014,0011,090.2050,025.8873,-009.6099
320727903,-1750,-0327,-0899,0029,0013,0015,091.9071,026.1718,-010.8226
320733715,-1755,-0318,-0835,0028,0011,0022,090.9516,026.8926,-010.5420
320739582,-1770,-0323,-0873,0026,0005,0024,091.9309,024.8990,-010.2368
320745366,-1755,-0313,-0848,0023,0006,0030,091.2408,026.0464,-010.3509
320751101,-1754,-0312,-0873,0022,0002,0027,091.2952,025.3794,-010.0815
320756910,-1761,-0315,-0859,0016,0001,0022,090.6894,026.2069,-010.0799
320762698,-1770,-0315,-0906,0014,-0002,0023,091.2416,025.5763,-010.1415
320768461,-1771,-0286,-0900,0013,-0003,0014,090.1937,026.9249,-010.0787
320774187,-1778,-0285,-0907,0014,-0006,0007,088.8106,026.5997,-009.0488
320779833,-1776,-0279,-0880,0018,-0004,0002,088.8311,026.7473,-009.1148
320785511,-1787,-0292,-0890,0012,-0005,-0004,088.9917,025.9927,-008.9065
320791163,-1776,-0285,-0877,0010,-0002,-0008,089.5564,026.1956,-009.3299
320796794,-1759,-0274,-0913,0017,0003,-0009,089.3385,025.9669,-009.0960
320802464,-1751,-0304,-0874,0018,0001,-0008,088.0705,027.3206,-008.8238
320808158,-1766,-0286,-0922,0019,0006,-0005,090.6537,026.0763,-009.9535
320813822,-1754,-0263,-0875,0019,0009,-0003,088.4513,027.4266,-009.1003
320819454,-1748,-0267,-0896,0021,0011,-0003,088.2559,026.1700,-008.4875
320825205,-1743,-0281,-0885,0018,0011,0004,088.1427,026.9631,-008.7104
320830970,-1741,-0277,-0905,0016,0011,0007,089.1657,026.5894,-009.2057
320836713,-1760,-0268,-0882,0007,0013,0010,088.4700,027.2496,-009.0161
320842445,-1749,-0298,-0893,0000,0014,0013,088.4493,026.2567,-008.6111
320848145,-1759,-0286,-0890,-0012,0016,0015,090.0012,026.7800,-009.7908
320853907,-1779,-0304,-0889,-0019,0014,0015,089.1867,026.5114,-009.1494
320859679,-1765,-0293,-0875,-0014,0014,0011,090.4013,026.1877,-009.7691
320865436,-1784,-0292,-0899,-0013,0008,0015,089.8695,026.0476,-009.3695
320871161,-1785,-0290,-0884,-0006,0005,0014,089.4362,026.4974,-009.2774
320876808,-1792,-0267,-0875,0004,0009,0018,089.6707,026.0007,-009.2148
320882437,-1787,-0269,-0902,0008,0006,0018,088.4660,025.7534,-008.3825
320888129,-1795,-0261,-0876,0022,0013,0020,088.2522,026.6320,-008.5798
320893885,-1789,-0244,-0882,0024,0012,0020,088.2724,025.6655,-008.2279
320899610,-1777,-0235,-0913,0031,0009,0027,087.1242,026.0884,-007.6949
320905338,-1778,-0275,-0911,0030,0006,0031,086.2464,027.1248,-007.5014
320910996,-1775,-0246,-0935,0036,0007,0035,088.7149,026.8221,-008.9414
320916722,-1771,-0252,-0897,0047,0013,0033,086.3563,027.6561,-007.7401
320922507,-1763,-0265,-0908,0053,0012,0035,087.6486,026.4812,-008.1463
320928250,-1786,-0263,-0897,0059,0013,0036,088.0326,027.0695,-008.6066
320934115,-1749,-0257,-0909,0063,0010,0036,088.0378,026.3198,-008.3381
320939847,-1767,-0258,-0874,0066,0007,0032,087.4764,027.3299,-008.3612
320945576,-1764,-0247,-0906,0066,0011,0025,088.1971,025.9354,-008.3029
320951359,-1755,-0251,-0881,0066,0010,0024,086.8707,027.1260,-007.9186
320957109,-1772,-0275,-0901,0066,0011,0022,087.7086,026.3475,-008.1664
320962897,-1752,-0260,-0888,0064,0011,0021,088.6976,026.7291,-008.9285
320968687,-1755,-0268,-0870,0064,0010,0025,087.8847,026.6140,-008.3824
320974431,-1753,-0279,-0884,0069,0009,0025,088.7626,026.0520,-008.7163
320980149,-1773,-0285,-0917,0067,0014,0027,089.0411,026.5247,-009.0835
320985927,-1759,-0304,-0914,0067,0015,0036,088.7304,027.1317,-009.1372
320991687,-1763,-0287,-0887,0063,0017,0041,089.8976,027.1127,-009.9010
320997453,-1742,-0312,-0882,0063,0015,0046,089.2293,026.3139,-009.1512
321003205,-1767,-0323,-0863,0058,0017,0052,090.8208,026.5132,-010.2599
321009096,-1762,-0324,-0878,0055,0014,0048,091.6786,025.5280,-010.3649
321014919,-1757,-0330,-0859,0050,0013,0044,091.2445,026.2035,-010.4193
321020749,-1766,-0322,-0873,0046,0009,0040,092.0550,025.5923,-010.6580
321026519,-1748,-0324,-0860,0045,0010,0034,091.1437,025.9860,-010.2789
321032335,-1758,-0332,-0892,0042,0001,0030,091.6558,025.7920,-010.5220
321038082,-1765,-0316,-0866,0043,0001,0031,091.3438,026.6065,-010.7161
321043872,-1753,-0299,-0894,0045,-0002,0023,091.0091,025.6640,-010.0735
321049631,-1760,-0265,-0862,0046,-0006,0022,089.4785,026.8308,-009.6212
321055329,-1762,-0263,-0912,0041,-0011,0018,088.3182,025.7437,-008.4663
321061102,-1775,-0269,-0837,0035,-0011,0015,087.4090,027.3292,-008.4923
321066831,-1775,-0272,-0880,0034,-0007,0012,089.2508,024.7725,-008.6296
321072557,-1777,-0267,-0870,0024,-0003,0016,088.3939,026.3134,-008.7220
321078271,-1770,-0282,-0863,0024,-0001,0014,088.4118,025.7683,-008.5194
321083978,-1778,-0282,-0866,0027,0002,0015,089.4497,025.7019,-009.1163
321089717,-1777,-0299,-0887,0026,0003,0011,089.2645,025.6871,-008.9968
321095463,-1779,-0291,-0871,0028,0003,0012,089.8949,026.2851,-009.6343
321101165,-1772,-0309,-0868,0023,-0002,0013,089.6482,025.7195,-009.2419
321106893,-1782,-0315,-0866,0021,0002,0016,090.8177,025.7645,-009.9810
321112660,-1773,-0326,-0865,0023,0004,0021,091.0456,025.5447,-010.0258
321118431,-1781,-0350,-0875,0021,0003,0023,091.6827,025.6460,-010.4733
321124140,-1774,-0323,-0855,0020,-0004,0029,092.7321,025.7464,-011.1965
321129938,-1783,-0317,-0870,0018,-0011,0025,091.4539,025.3072,-010.1832
321135758,-1792,-0306,-0900,0015,-0011,0033,090.9389,025.7111,-010.0528
321141548,-1776,-0313,-0902,0014,-0006,0032,089.7583,026.4260,-009.6255
321147248,-1763,-0284,-0868,0008,-0003,0029,090.2866,026.5904,-010.0328
321152962,-1766,-0299,-0885,0011,-0003,0024,089.2192,025.8469,-009.0458
321158676,-1769,-0292,-0900,0005,-0002,0019,089.9112,026.3568,-009.6833
321164323,-1776,-0298,-0911,0008,-0003,0015,089.1376,026.6912,-009.3274
321169954,-1778,-0278,-0907,0005,0001,0009,089.3842,026.8503,-009.5444
321175566,-1778,-0299,-0897,0008,0005,0004,088.3177,026.7375,-008.8120
321181196,-1772,-0291,-0885,0010,0008,0007,089.8263,026.4192,-009.6299
321186830,-1772,-0287,-0875,0016,0011,0001,089.4276,026.2157,-009.2902
321192541,-1761,-0294,-0896,0018,0005,-0001,089.4464,025.9558,-009.1905
321198216,-1748,-0294,-0893,0016,0005,0002,089.4553,026.7461,-009.5191
321203889,-1753,-0291,-0881,0016,0003,0001,089.5190,026.7375,-009.5519
321209532,-1766,-0298,-0894,0015,0004,0003,089.5722,026.3358,-009.4134
321215200,-1757,-0285,-0890,0014,0007,0002,089.7305,026.5542,-009.6011
321220840,-1769,-0284,-0881,0018,0014,0000,089.0516,026.5705,-009.1733
321226438,-1748,-0301,-0882,0014,0015,-0003,089.2467,026.1462,-009.1178
321232144,-1776,-0291,-0885,0020,0015,-0003,090.1932,026.4762,-009.8484
321237825,-1758,-0284,-0905,0017,0014,0000,089.4463,026.1520,-009.2377
321243431,-1759,-0285,-0897,0016,0012,0003,088.7774,027.0405,-009.1699
321249150,-1778,-0302,-0859,0013,0009,0004,089.0725,026.6797,-009.2076
321254843,-1781,-0300,-0885,0010,0007,0008,090.7877,025.3189,-009.6911
321260456,-1769,-0299,-0892,0008,0007,0011,089.9278,026.2034,-009.5416
321266144,-1762,-0315,-0884,0012,0004,0014,089.8410,026.4684,-009.5963
321271838,-1754,-0299,-0913,0007,0005,0014,090.9390,026.2600,-010.2019
321277588,-1753,-0300,-0906,0008,0006,0014,089.2943,027.3064,-009.5853
321283208,-1755,-0304,-0871,0005,0006,0016,089.7279,026.9612,-009.7192
321288898,-1760,-0298,-0882,0001,0010,0014,090.5819,025.9713,-009.8319
321294578,-1748,-0291,-0888,0000,0012,0007,089.9351,026.3381,-009.5790
321300122,-1757,-0286,-0907,0006,0010,0008,089.5202,026.6415,-009.4383
321305747,-1755,-0280,-0896,0009,0015,-0002,088.9354,027.0488,-009.2229
321311379,-1761,-0306,-0871,0016,0016,-0006,088.8783,026.7289,-009.0524
321317128,-1754,-0286,-0873,0020,0021,-0009,090.8939,025.8926,-009.9645
321322841,-1767,-0282,-0874,0026,0022,-0015,089.4511,026.1974,-009.1942
321328624,-1776,-0273,-0906,0027,0022,-0015,089.3590,026.0162,-009.0604
321334395,-1794,-0256,-0894,0026,0022,-0006,088.2380,026.8779,-008.6961
321340111,-1777,-0257,-0877,0027,0021,0000,087.6197,026.1872,-008.0545
321345720,-1781,-0266,-0898,0030,0019,0008,088.0544,026.0198,-008.2517
321351441,-1785,-0261,-0939,0033,0018,0017,088.1702,026.5779,-008.5279
321357218,-1791,-0280,-0913,0038,0018,0024,087.1824,027.6338,-008.2854
321362982,-1775,-0257,-0944,0047,0017,0031,088.8275,026.6198,-008.9580
321368770,-1776,-0263,-0892,0055,0016,0030,086.7692,027.9338,-008.1268
321374486,-1749,-0267,-0917,0057,0013,0029,088.2634,026.2283,-008.4596
321380313,-1751,-0260,-0918,0060,0011,0030,087.8523,027.5897,-008.7151
321386037,-1777,-0281,-0912,0065,0013,0027,087.4908,027.3876,-008.4117
321391813,-1745,-0285,-0872,0063,0010,0018,088.8590,026.8093,-009.0712
321397581,-1754,-0280,-0883,0060,0009,0015,089.6101,026.1946,-009.3010
321403251,-1752,-0287,-0884,0061,0007,0020,089.0216,026.4572,-009.0477
321408975,-1740,-0271,-0880,0059,0009,0014,089.4652,026.4707,-009.3379
321414717,-1751,-0287,-0871,0061,0005,0012,088.5641,026.5575,-008.8126
321420442,-1769,-0285,-0882,0065,0005,0015,089.7348,026.1003,-009.3645
321426154,-1771,-0285,-0855,0065,0004,0018,089.2595,026.2200,-009.1270
321431872,-1772,-0279,-0876,0065,0003,0026,089.8284,025.3962,-009.1445
321437605,-1767,-0274,-0878,0070,0000,0030,088.9582,026.1150,-008.9191
321443166,-1773,-0290,-0906,0066,0003,0039,088.7260,026.1522,-008.8001
321448854,-1770,-0297,-0870,0060,-0002,0040,089.1533,026.8401,-009.3512
321454498,-1766,-0285,-0866,0058,-0006,0038,090.1694,025.7462,-009.5392
321460237,-1773,-0307,-0870,0048,-0006,0041,089.3972,025.8368,-009.1119
321465955,-1750,-0277,-0850,0041,-0005,0040,090.7223,025.7935,-009.9155
321471619,-1758,-0292,-0908,0040,-0001,0039,089.2094,025.6134,-008.9202
321477301,-1774,-0291,-0857,0036,0000,0040,089.0926,027.2045,-009.4978
321482950,-1767,-0286,-0871,0040,0004,0040,090.0103,025.3141,-009.2886
321488608,-1764,-0279,-0875,0037,0002,0036,089.3294,026.0216,-009.1740
321494328,-1766,-0286,-0848,0039,0008,0033,088.9125,026.1123,-008.9576
321500069,-1774,-0270,-0849,0043,-0001,0026,089.9077,025.2763,-009.2215
321505804,-1764,-0278,-0860,0048,0002,0021,088.7936,025.3225,-008.5849
321511523,-1764,-0267,-0863,0049,-0002,0016,089.1973,025.7561,-009.0012
321517280,-1784,-0257,-0864,0050,-0009,0012,088.4294,025.8134,-008.5629
321522964,-1799,-0272,-0869,0050,-0011,0012,087.8876,025.5763,-008.1524
321528701,-1783,-0278,-0883,0047,-0013,0017,088.7845,025.5148,-008.6598
321534503,-1776,-0252,-0899,0040,-0015,0019,088.7531,026.1541,-008.8930
321540233,-1772,-0280,-0874,0037,-0018,0024,086.9125,026.6757,-007.9529
321546018,-1759,-0277,-0903,0025,-0022,0025,089.3279,025.8616,-009.1201
321551747,-1755,-0285,-0896,0020,-0024,0025,088.2601,027.0317,-008.9152
321557450,-1771,-0321,-0905,0015,-0022,0027,089.0024,026.7000,-009.2520
321563225,-1752,-0314,-0892,0015,-0022,0026,090.8213,026.6825,-010.4159
321569042,-1747,-0309,-0898,0015,-0018,0024,090.4171,026.5995,-010.1149
321574925,-1741,-0304,-0893,0020,-0013,0024,090.0646,026.8792,-010.0094
321580721,-1737,-0306,-0878,0025,-0014,0021,089.9349,026.7898,-009.8864
321586471,-1739,-0268,-0876,0028,-0010,0023,090.3484,026.4265,-009.9958
321592228,-1753,-0271,-0912,0030,-0009,0017,088.1841,026.4639,-008.6471
321597919,-1761,-0250,-0902,0031,-0006,0020,087.9293,027.3063,-008.8036
321603563,-1760,-0248,-0895,0034,-0002,0014,086.9318,026.8397,-007.9975
321609274,-1760,-0251,-0880,0030,0002,0012,087.0559,026.7119,-008.0233
321614948,-1773,-0261,-0889,0027,0003,0014,087.4731,026.2947,-008.1245
321620646,-1775,-0248,-0880,0022,0005,0012,087.8856,026.3970,-008.4077
321626341,-1784,-0274,-0892,0017,-0001,0010,087.2162,026.1171,-007.8928
321632032,-1799,-0265,-0895,0014,-0005,0009,088.6653,026.3195,-008.8418
321637689,-1776,-0281,-0896,0011,-0007,0012,087.9119,026.1887,-008.3229
321643420,-1769,-0296,-0912,0015,-0010,0016,088.9431,026.5251,-009.0829
321649138,-1754,-0285,-0870,0020,-0004,0018,089.3749,027.0093,-009.5534
321654903,-1801,-0294,-0858,0026,-0006,0019,089.4742,025.9819,-009.1906
321660613,-1749,-0266,-0878,0031,-0005,0020,090.2439,025.0768,-009.2780
321666351,-1754,-0279,-0856,0036,-0007,0023,088.1065,026.5400,-008.5708
321672110,-1767,-0269,-0899,0042,-0009,0027,089.5073,025.6471,-009.0790
321677817,-1761,-0276,-0863,0044,-0006,0028,087.9399,026.8533,-008.5879
321683536,-1757,-0265,-0888,0048,-0006,0028,089.2125,025.7237,-008.9366
321689256,-1750,-0273,-0871,0048,-0007,0032,087.9493,026.6530,-008.5259
321694951,-1750,-0258,-0886,0050,-0004,0034,088.8560,026.1385,-008.8925
321700622,-1762,-0259,-0906,0049,-0006,0037,087.6245,026.6459,-008.3288
321706371,-1770,-0255,-0884,0044,-0004,0040,087.4601,027.0062,-008.3582
321712068,-1748,-0276,-0908,0039,-0005,0042,087.6177,026.2128,-008.1679
321717802,-1775,-0277,-0865,0036,-0001,0045,088.4108,027.2898,-009.0722
321723506,-1778,-0305,-0895,0033,-0005,0041,089.1513,025.5230,-008.8357
321729216,-1751,-0291,-0901,0029,-0003,0042,090.1254,026.5076,-009.8514
321734931,-1765,-0305,-0882,0024,0003,0042,089.0712,026.9639,-009.3684
321740668,-1758,-0288,-0895,0023,0007,0043,090.3861,026.1158,-009.8492
321746391,-1761,-0294,-0878,0030,0009,0040,088.9577,026.7530,-009.2172
321752056,-1776,-0305,-0901,0030,0012,0035,089.8110,026.1261,-009.4981
321757754,-1789,-0302,-0889,0026,0009,0030,089.9009,026.6260,-009.7703
321763427,-1784,-0302,-0885,0028,0009,0028,089.9473,026.0443,-009.5530
321769129,-1803,-0300,-0863,0035,0010,0027,090.0168,026.0678,-009.6105
321774867,-1786,-0295,-0907,0036,0006,0018,090.3374,025.1726,-009.4247
321780631,-1772,-0301,-0871,0037,0002,0015,089.1234,026.8285,-009.3721
321786338,-1787,-0290,-0878,0041,0001,0014,090.3437,025.7263,-009.6759
321792062,-1770,-0292,-0847,0042,0002,0010,089.3812,025.8901,-009.1573
321797794,-1772,-0301,-0884,0041,0005,0007,090.2486,025.2027,-009.3956
321803451,-1759,-0292,-0881,0035,0006,0001,089.9250,026.3257,-009.6801
321809093,-1757,-0296,-0887,0031,0008,0001,089.5077,026.2906,-009.4021
321814753,-1758,-0282,-0872,0027,0014,0003,089.6672,026.4889,-009.5849
321820455,-1765,-0304,-0871,0021,0014,0003,089.1276,026.0550,-009.0652
321826153,-1770,-0288,-0875,0021,0011,0004,090.5098,025.9218,-009.8631
321831868,-1760,-0287,-0896,0019,0010,0004,089.3085,026.0230,-009.1593
321837584,-1753,-0281,-0890,0023,0011,0007,089.0131,026.7727,-009.2769
321843316,-1765,-0285,-0887,0018,0007,0001,088.8290,026.6079,-009.0883
321848971,-1778,-0290,-0860,0019,0008,0003,089.1473,026.3615,-009.1842
321854643,-1775,-0277,-0871,0016,0004,-0003,089.9428,025.4170,-009.2763
321860311,-1760,-0277,-0888,0014,0001,-0006,088.8556,025.9232,-008.8203
321865965,-1765,-0278,-0846,0015,0004,-0003,088.6885,026.5606,-008.9620
321871597,-1775,-0272,-0873,0014,0003,-0002,089.5525,025.2410,-008.9525
321877271,-1767,-0276,-0861,0014,0004,0000,088.5925,026.0193,-008.6811
321882837,-1786,-0275,-0885,0020,0011,0005,089.1727,025.6830,-008.8955
321888519,-1774,-0266,-0894,0022,0010,0008,088.6098,026.1497,-008.7345
321894216,-1776,-0253,-0878,0024,0009,0014,087.9886,026.5396,-008.4966
321899901,-1755,-0259,-0871,0026,0012,0021,087.5792,026.0220,-008.0539
321905663,-1790,-0271,-0863,0028,0014,0023,088.1174,026.1677,-008.4290
321911453,-1783,-0271,-0863,0029,0009,0023,088.9568,025.3863,-008.6311
321917175,-1769,-0293,-0855,0029,0009,0022,088.8311,025.6000,-008.6397
321922904,-1760,-0287,-0869,0023,0005,0025,090.3325,025.4795,-009.4923
321928618,-1762,-0281,-0875,0018,-0003,0019,089.5193,026.0371,-009.2286
321934340,-1762,-0289,-0892,0016,-0003,0019,089.1476,026.1310,-009.0346
321940086,-1759,-0305,-0888,0012,-0004,0017,089.3518,026.6031,-009.3499
321945821,-1751,-0301,-0865,0010,-0004,0019,090.3359,026.4221,-009.8961
321951519,-1753,-0285,-0869,0013,0002,0019,090.4321,025.9152,-009.7343
321957254,-1749,-0295,-0875,0016,0004,0015,089.4156,026.0892,-009.1760
321962978,-1764,-0294,-0881,0022,0005,0017,089.9935,026.2763,-009.6137
321968725,-1764,-0287,-0876,0025,0005,0009,089.7584,026.2196,-009.4416
321974397,-1781,-0297,-0893,0026,0005,0012,089.4782,026.0991,-009.2167
321980111,-1761,-0259,-0889,0024,0002,0013,089.7709,026.3442,-009.5002
321985818,-1792,-0255,-0897,0024,0002,0006,087.5986,026.5622,-008.2282
321991472,-1777,-0265,-0888,0027,0001,0011,087.5034,026.3361,-008.0832
321997188,-1775,-0280,-0914,0027,-0004,0012,088.2817,026.2922,-008.5372
322002927,-1779,-0282,-0905,0025,-0007,0008,088.6034,027.0519,-009.0269
322008549,-1800,-0285,-0897,0024,-0013,0008,088.8386,026.6278,-009.0049
322014258,-1775,-0263,-0883,0032,-0009,0008,089.1351,026.1500,-008.9977
322019922,-1764,-0267,-0875,0036,-0004,0008,088.0546,026.2038,-008.3553
322025571,-1758,-0240,-0890,0041,-0001,0007,088.5766,026.1135,-008.6378
322031239,-1784,-0282,-0889,0048,-0001,0010,086.6713,026.6927,-007.6814
322036919,-1764,-0260,-0878,0049,0001,0013,089.3922,026.1413,-009.1498
322042643,-1789,-0248,-0878,0052,-0001,0012,087.9429,026.2209,-008.2948
322048349,-1777,-0266,-0880,0046,0003,0018,087.3858,025.8842,-007.8394
322054080,-1789,-0270,-0889,0043,0013,0020,088.5263,026.1268,-008.6135
322059849,-1790,-0286,-0876,0044,0009,0023,088.4326,026.1739,-008.5762
322065569,-1800,-0285,-0883,0041,0009,0028,089.6359,025.7416,-009.1405
322071283,-1782,-0285,-0872,0042,0008,0029,089.2723,025.8651,-008.9741
322077038,-1790,-0273,-0897,0037,0004,0030,089.5281,025.7772,-009.0971
322082782,-1749,-0285,-0886,0035,0003,0031,088.2999,026.4328,-008.6044
322088487,-1765,-0291,-0881,0038,0004,0030,089.3526,026.5773,-009.3219
322094212,-1766,-0290,-0882,0042,0008,0032,089.6744,026.1732,-009.3620
322099952,-1746,-0299,-0884,0043,0009,0030,089.5443,026.2446,-009.3157
322105659,-1745,-0285,-0887,0041,0006,0027,090.0327,026.5504,-009.7581
322111373,-1746,-0285,-0882,0041,0005,0027,089.1179,026.6495,-009.2212
322117108,-1745,-0277,-0889,0038,0008,0024,089.3028,026.4830,-009.2727
322122847,-1758,-0285,-0880,0035,0006,0023,088.6905,026.7343,-008.9881
322128538,-1758,-0280,-0872,0032,0010,0022,089.3865,026.2469,-009.2295
322134323,-1758,-0275,-0877,0030,0014,0023,089.1593,026.0820,-009.0229
322140056,-1767,-0273,-0899,0030,0009,0021,088.8002,026.2569,-008.8711
322145763,-1784,-0274,-0900,0027,0005,0020,088.3236,026.7564,-008.7659
322151460,-1804,-0261,-0884,0022,0007,0016,088.4387,026.4711,-008.7241
322157176,-1809,-0276,-0898,0021,0001,0018,087.9478,025.7975,-008.1685
322162904,-1789,-0279,-0894,0018,0001,0013,088.6582,026.1803,-008.7361
322168630,-1783,-0283,-0870,0014,0000,0010,088.8298,026.2897,-008.8787
322174216,-1795,-0282,-0848,0011,0001,0008,089.4975,025.6671,-009.0321
322179862,-1784,-0286,-0896,0013,0007,0003,089.8092,024.9414,-008.9163
322185540,-1777,-0283,-0897,0017,0010,0006,089.0780,026.5790,-009.1347
322191233,-1773,-0288,-0881,0021,0014,0010,088.9843,026.4891,-009.0367
322196981,-1767,-0284,-0888,0025,0012,0009,089.6062,026.0761,-009.2544
322202649,-1775,-0286,-0875,0025,0010,0011,089.1486,026.4330,-009.1138
322208342,-1775,-0268,-0868,0027,0012,0011,089.5792,025.8894,-009.1584
322214135,-1775,-0282,-0858,0024,0008,0013,088.5589,025.7939,-008.5008
322219863,-1754,-0266,-0845,0026,0007,0008,089.7612,025.4842,-009.0963
322225546,-1773,-0281,-0864,0019,0004,0010,088.9203,025.4672,-008.5857
322231252,-1743,-0267,-0856,0016,0004,0008,089.5426,025.7322,-009.0597
322236927,-1766,-0275,-0871,0011,-0001,0008,088.8162,025.9032,-008.6827
322242573,-1763,-0266,-0876,0007,-0002,0008,089.0752,025.9882,-008.8664
322248190,-1774,-0285,-0887,0004,0002,0009,088.4397,026.1837,-008.5468
322253810,-1775,-0267,-0886,0007,-0003,0013,089.4358,026.2832,-009.1936
322259465,-1769,-0273,-0872,0010,-0005,0015,088.2788,026.2661,-008.4669
322265149,-1765,-0289,-0852,0010,-0009,0020,089.0481,025.9340,-008.8020
322270806,-1770,-0273,-0872,0021,-0008,0019,090.2895,025.4221,-009.3420
322276572,-1776,-0273,-0847,0030,-0009,0020,088.7893,026.0320,-008.6820
322282222,-1781,-0259,-0852,0027,-0012,0018,089.4717,025.1512,-008.7411
322288014,-1767,-0248,-0865,0029,-0009,0020,088.4187,025.3529,-008.2029
322293720,-1752,-0259,-0876,0035,-0008,0019,087.6638,025.9163,-007.9620
322299420,-1771,-0263,-0862,0034,-0005,0014,088.2201,026.3549,-008.4550
322305131,-1772,-0270,-0869,0036,-0008,0012,088.6632,025.6284,-008.4466
322310849,-1782,-0267,-0881,0037,-0007,0006,088.9124,025.8902,-008.6955
322316543,-1781,-0281,-0874,0039,-0011,0007,088.4776,026.0707,-008.5006
322322271,-1778,-0290,-0855,0034,-0016,0003,089.5231,025.8223,-009.0358
322328003,-1789,-0280,-0871,0039,-0019,-0001,090.3038,025.3211,-009.2998
322333710,-1775,-0286,-0897,0033,-0024,-0002,089.2703,025.7265,-008.8444
322339421,-1764,-0298,-0881,0032,-0023,0007,089.2692,026.6178,-009.1996
322345171,-1781,-0294,-0896,0034,-0019,0008,090.2815,026.1531,-009.6434
322350899,-1785,-0275,-0894,0040,-0015,0012,089.6093,026.4234,-009.3375
322356591,-1753,-0286,-0884,0042,-0011,0014,088.6284,026.3166,-008.6854
322362356,-1761,-0285,-0899,0049,-0009,0020,089.5757,026.4703,-009.3405
322368049,-1771,-0274,-0857,0042,-0006,0017,089.1097,026.7779,-009.1728
322373776,-1753,-0293,-0878,0037,-0002,0016,089.3079,025.4190,-008.7528
322379528,-1776,-0295,-0901,0031,0001,0012,090.0084,026.3996,-009.5847
322385225,-1764,-0312,-0909,0026,0005,0013,089.5922,026.6109,-009.4092
322390964,-1789,-0315,-0875,0022,0006,0007,090.4738,026.9481,-010.1221
322396694,-1785,-0308,-0881,0019,0001,0003,091.2066,025.5645,-009.9705
322402365,-1769,-0320,-0888,0016,0003,0002,090.5809,025.9845,-009.7678
322408039,-1787,-0325,-0880,0018,0003,0001,091.2126,026.3282,-010.3217
322413757,-1773,-0316,-0878,0020,0007,0003,091.5784,025.7895,-010.3075
322419454,-1772,-0298,-0897,0024,0005,0002,091.0487,026.0181,-010.0804
322425157,-1751,-0275,-0887,0027,0011,0006,089.6902,026.6013,-009.4735
322430856,-1787,-0264,-0883,0028,0011,0003,088.7476,026.5850,-008.8697
322436575,-1779,-0278,-0905,0024,0015,0002,088.2748,025.9834,-008.3455
322442287,-1796,-0279,-0896,0021,0019,0000,088.7814,026.7892,-008.9610
322447929,-1788,-0285,-0887,0017,0014,-0001,088.9407,026.1867,-008.8187
322453674,-1770,-0286,-0864,0012,0017,-0006,089.4579,026.0936,-009.0936
322459386,-1782,-0283,-0877,0005,0008,-0003,089.8996,025.6861,-009.1902
322465001,-1778,-0289,-0870,0002,0010,-0003,089.4258,025.9540,-009.0042
322470669,-1773,-0285,-0847,0001,0006,-0001,089.9912,025.7580,-009.2620
322476256,-1771,-0279,-0865,0006,0004,0003,090.1434,025.2072,-009.1193
322481859,-1762,-0287,-0858,0007,0007,0005,089.4242,025.8176,-008.9328
322487503,-1803,-0297,-0868,0007,0008,0006,090.1122,025.6573,-009.2798
322493123,-1798,-0281,-0873,0010,0010,0006,090.4418,025.3841,-009.3608
322498809,-1806,-0285,-0884,0007,0013,0002,089.3608,025.6628,-008.8212
322504464,-1792,-0273,-0883,0009,0012,0004,089.5324,025.8232,-008.9838
322510121,-1790,-0267,-0873,0008,0012,0002,088.8362,025.9936,-008.6223
322515787,-1807,-0278,-0889,0005,0014,0005,088.7569,025.7254,-008.4646
322521442,-1806,-0299,-0866,0003,0016,0004,089.1366,025.9605,-008.7766
322527105,-1794,-0286,-0894,-0001,0022,0005,090.7768,025.2521,-009.4688
322532772,-1778,-0307,-0892,0000,0022,0002,089.2913,026.3305,-009.0041
322538321,-1785,-0285,-0869,0002,0024,0002,090.7032,026.3124,-009.8782
322543994,-1781,-0306,-0899,0005,0024,0002,089.7260,025.6049,-008.9718
322549643,-1782,-0288,-0864,0006,0020,0002,090.4977,026.5647,-009.8494
322555305,-1773,-0290,-0868,0013,0009,0002,090.0496,025.4595,-009.1008
322560980,-1765,-0282,-0886,0011,0003,-0001,090.1565,025.8299,-009.3153
322566637,-1725,-0276,-0868,0015,0003,0002,089.3309,026.4354,-009.0482
322572259,-1751,-0267,-0862,0013,0006,0002,089.4191,026.4216,-009.0926
322577907,-1746,-0251,-0869,0016,0008,-0002,089.0170,025.9168,-008.6414
322583631,-1752,-0244,-0892,0020,0008,-0002,087.9940,026.2557,-008.1428
322589279,-1734,-0241,-0848,0018,0012,0002,087.3019,026.8144,-007.9082
322594994,-1740,-0251,-0849,0015,0016,0001,087.9096,025.8072,-007.9145
322600696,-1777,-0261,-0873,0015,0013,-0002,088.4700,025.7789,-008.2289
322606397,-1785,-0253,-0871,0017,0008,-0001,088.6232,025.9437,-008.3756
322612074,-1776,-0261,-0890,0010,0005,-0004,088.1650,025.7662,-008.0288
322617679,-1791,-0281,-0858,0010,0008,0000,088.3842,026.4499,-008.4027
322623218,-1796,-0288,-0874,0009,0004,0003,090.1235,025.2190,-008.9654
322628831,-1783,-0276,-0874,0012,0007,0005,090.0562,025.7174,-009.1264
322634503,-1786,-0289,-0853,0014,0004,0006,089.3524,025.8633,-008.7552
322640151,-1779,-0274,-0851,0018,0005,0012,090.6450,025.1649,-009.2436
322645873,-1772,-0267,-0869,0020,0011,0014,089.5998,025.3242,-008.6901
322651624,-1779,-0274,-0871,0025,0008,0020,088.9550,025.9478,-008.5473
322657313,-1764,-0283,-0856,0027,0005,0020,089.4342,025.8046,-008.7804
322663011,-1761,-0255,-0851,0025,0009,0021,090.1881,025.5802,-009.1453
322668677,-1788,-0256,-0851,0027,0008,0017,088.5477,025.5587,-008.1600
322674407,-1765,-0277,-0868,0024,0009,0015,088.7635,025.1831,-008.1440
322680104,-1762,-0277,-0851,0022,0005,0018,089.6930,026.0023,-009.0119
322685820,-1765,-0269,-0890,0016,0002,0015,089.9130,025.4566,-008.9226
322691593,-1767,-0269,-0869,0021,0004,0014,088.6562,026.6563,-008.6227
322697300,-1770,-0277,-0894,0017,0005,0018,089.2202,025.8462,-008.6548
322703064,-1773,-0261,-0880,0021,0007,0019,089.1722,026.6272,-008.9280
322708789,-1774,-0260,-0895,0020,0007,0021,088.4812,026.0904,-008.2951
322714474,-1798,-0273,-0886,0019,0006,0021,088.2585,026.5886,-008.3381
322720183,-1776,-0267,-0903,0014,0007,0024,089.2198,025.9000,-008.6621
322725881,-1786,-0278,-0896,0017,0008,0026,088.4433,026.8061,-008.5255
322731614,-1789,-0270,-0876,0021,0010,0028,089.3219,026.3118,-008.8820
322737394,-1802,-0264,-0861,0023,0002,0025,089.0981,025.7647,-008.5324
322743075,-1767,-0274,-0892,0026,0003,0023,089.0500,025.2445,-008.3052
322748782,-1778,-0282,-0898,0026,-0003,0023,089.0888,026.7000,-008.8865
322754571,-1772,-0272,-0884,0029,-0007,0020,089.4530,026.4779,-009.0272
322760286,-1760,-0271,-0894,0031,-0002,0015,089.0672,026.2126,-008.6839
322765994,-1755,-0273,-0883,0032,0002,0012,088.8841,026.7160,-008.7629
322771719,-1748,-0262,-0890,0037,0008,0009,089.2231,026.4025,-008.8534
322777415,-1758,-0268,-0889,0043,0006,0010,088.4244,026.7599,-008.4927
322783111,-1760,-0259,-0866,0048,0008,0011,088.8758,026.5373,-008.6922
322788840,-1754,-0252,-0890,0046,0011,0011,088.6952,025.8976,-008.3420
322794659,-1766,-0235,-0900,0043,0013,0011,087.8624,026.7788,-008.1553
322800437,-1759,-0251,-0892,0045,0009,0015,086.7829,026.8053,-007.4964
322806085,-1762,-0250,-0896,0044,0007,0018,088.0034,026.6410,-008.1896
322811787,-1778,-0263,-0889,0041,0002,0018,087.7436,026.7323,-008.0604
322817549,-1757,-0255,-0901,0034,0001,0023,088.6814,026.2549,-008.4618
322823254,-1765,-0267,-0912,0034,0003,0020,087.8714,026.9913,-008.2283
322828942,-1758,-0291,-0861,0026,0000,0022,088.4947,027.0702,-008.6482
322834544,-1773,-0292,-0866,0025,-0002,0024,090.6683,025.6882,-009.4499
322840243,-1759,-0300,-0870,0027,-0007,0024,090.4433,025.7321,-009.3337
322845924,-1751,-0308,-0874,0030,-0007,0027,090.8529,026.0163,-009.7118
322851616,-1767,-0292,-0882,0031,-0006,0022,091.1825,026.1912,-010.0007
322857390,-1761,-0299,-0896,0038,-0004,0028,090.0195,026.2183,-009.2873
322863121,-1753,-0279,-0883,0042,-0006,0028,090.3208,026.6961,-009.6837
322868870,-1784,-0272,-0847,0047,-0005,0025,089.3620,026.4134,-008.9666
322874585,-1771,-0255,-0875,0050,-0002,0032,089.7312,024.9859,-008.6291
322880266,-1791,-0250,-0888,0053,-0001,0032,088.1086,026.1957,-008.1322
322885947,-1796,-0233,-0878,0050,0005,0032,087.7786,026.1465,-007.9186
322891652,-1803,-0253,-0888,0054,0008,0037,086.9424,025.8267,-007.3180
322897409,-1802,-0236,-0895,0050,0016,0034,088.1050,026.0268,-008.0761
322903135,-1824,-0243,-0884,0053,0012,0037,086.8019,026.2445,-007.3753
322908931,-1798,-0252,-0890,0051,0007,0039,087.5725,025.5833,-007.6090
322914674,-1809,-0255,-0868,0053,0005,0041,087.9095,026.1874,-008.0233
322920380,-1813,-0268,-0905,0050,0004,0050,088.4127,025.3177,-008.0123
322926058,-1786,-0279,-0857,0049,0002,0051,088.4634,026.3917,-008.4438
322931793,-1772,-0290,-0886,0051,0007,0055,090.0069,025.2221,-008.9252
322937515,-1765,-0293,-0883,0051,0015,0055,089.8590,026.4251,-009.3387
322943247,-1760,-0297,-0861,0050,0016,0059,090.0920,026.2487,-009.4228
322949011,-1763,-0297,-0876,0053,0020,0057,090.7089,025.6974,-009.5834
322954771,-1770,-0278,-0853,0054,0017,0055,090.3076,026.1632,-009.5472
322960546,-1742,-0278,-0851,0056,0010,0054,089.6637,025.3730,-008.8399
322966260,-1771,-0295,-0865,0056,0007,0052,089.7609,025.7808,-009.0735
322971978,-1754,-0266,-0882,0048,0006,0046,090.4861,025.7153,-009.4974
322977726,-1743,-0274,-0861,0043,0000,0045,088.3419,026.5189,-008.5054
322983337,-1764,-0285,-0874,0039,0002,0043,089.3954,025.9799,-008.9480
322989088,-1771,-0276,-0868,0032,0001,0043,089.7315,026.0733,-009.1959
322994787,-1774,-0310,-0896,0030,0005,0036,089.2639,025.8104,-008.8071
323000492,-1762,-0307,-0886,0027,0005,0034,090.7775,026.5425,-010.0613
323006300,-1745,-0314,-0898,0021,0008,0026,090.5916,026.3251,-009.8493
323012055,-1770,-0307,-0874,0022,0007,0025,090.7776,026.9345,-010.2418
323017833,-1754,-0290,-0874,0023,0011,0018,090.8339,025.8059,-009.7799
323023608,-1776,-0294,-0889,0022,0011,0013,089.8313,026.2283,-009.3373
323029391,-1769,-0311,-0894,0019,0009,0010,089.9041,026.2922,-009.4078
323035073,-1767,-0305,-0880,0020,0008,0007,090.7821,026.4854,-010.0477
323040761,-1774,-0283,-0858,0015,0008,0000,090.6043,026.0970,-009.7623
323046286,-1755,-0282,-0884,0012,0002,0002,089.7992,025.4816,-009.0060
323051929,-1771,-0294,-0869,0006,0004,0001,089.3249,026.5505,-009.1419
323057535,-1760,-0300,-0887,0007,-0001,-0005,090.3758,025.7516,-009.4577
323063104,-1766,-0276,-0874,0010,-0006,-0002,090.2645,026.4882,-009.6983
323068743,-1775,-0278,-0874,0007,-0002,-0009,089.1508,026.0099,-008.8009
323074365,-1739,-0273,-0876,0010,-0003,-0005,089.4024,025.9306,-008.9160
323080003,-1769,-0273,-0880,0015,-0002,-0007,089.0676,026.4942,-008.9266
323085646,-1786,-0250,-0895,0016,-0002,-0010,089.0337,026.1416,-008.7608
323091311,-1781,-0238,-0892,0019,-0004,-0005,087.4195,026.4225,-007.8725
323096983,-1781,-0235,-0894,0023,-0002,-0006,086.9710,026.3956,-007.5829
323102614,-1772,-0231,-0895,0027,-0006,-0005,086.8358,026.4604,-007.5141
323108298,-1767,-0237,-0883,0025,-0003,-0004,086.6104,026.6198,-007.4204
323113927,-1785,-0241,-0910,0018,-0006,-0001,087.1993,026.3155,-007.6648
323119595,-1764,-0251,-0907,0012,-0003,0002,086.9593,026.8636,-007.6923
323125213,-1765,-0251,-0888,0012,0000,0007,087.6355,026.9911,-008.1469
323130758,-1771,-0262,-0886,0014,0001,0012,087.8711,026.4305,-008.0857
323136450,-1773,-0276,-0886,0017,0005,0017,088.5509,026.3176,-008.4547
323142159,-1766,-0286,-0886,0016,-0001,0017,089.3083,026.2714,-008.8988
323147898,-1788,-0279,-0865,0019,-0004,0020,089.8004,026.3542,-009.2363
323153600,-1787,-0262,-0912,0018,-0001,0022,089.7172,025.4413,-008.8154
323159326,-1775,-0284,-0860,0023,-0002,0029,087.8612,026.9812,-008.2638
323165043,-1773,-0277,-0895,0025,-0002,0029,090.3616,025.3944,-009.1806
323170756,-1776,-0273,-0855,0027,-0001,0031,088.9444,026.6704,-008.8259
323176490,-1763,-0261,-0850,0024,-0002,0033,089.6526,025.2984,-008.7190
323182183,-1755,-0251,-0895,0026,-0001,0031,088.9405,025.5145,-008.3837
323187884,-1772,-0267,-0880,0026,-0003,0030,087.6146,026.9440,-008.0994
323193591,-1772,-0274,-0875,0026,0001,0027,089.0007,026.0505,-008.6221
323199296,-1769,-0251,-0877,0026,-0003,0027,089.3321,026.0036,-008.8051
323204991,-1763,-0260,-0892,0022,0001,0022,087.8787,026.1591,-007.9806
323210726,-1763,-0269,-0871,0022,-0002,0020,088.3504,026.6472,-008.4413
323216421,-1771,-0267,-0893,0015,-0003,0017,089.1962,025.9610,-008.6954
323222098,-1766,-0276,-0887,0017,-0005,0014,088.5899,026.5725,-008.5526
323227798,-1775,-0283,-0897,0019,-0001,0012,089.3212,026.3667,-008.9235
323233508,-1746,-0286,-0870,0024,0000,0013,089.4570,026.5409,-009.0758
323239103,-1764,-0284,-0886,0025,0002,0009,090.0957,026.1585,-009.3184
323244746,-1763,-0274,-0885,0030,-0001,0009,089.6288,026.3994,-009.1261
323250407,-1771,-0276,-0873,0033,0004,0010,089.1190,026.3798,-008.8011
323256098,-1749,-0276,-0872,0035,0002,0008,089.5238,025.9161,-008.8673
323261760,-1766,-0283,-0875,0034,0000,0006,089.4942,026.2439,-008.9796
323267294,-1772,-0266,-0871,0034,-0005,0006,089.8458,026.0488,-009.1182
323272958,-1782,-0266,-0887,0031,-0006,0009,088.8750,025.9042,-008.4699
323278622,-1784,-0246,-0868,0033,-0011,0004,088.7095,026.2444,-008.4956
323284397,-1782,-0250,-0878,0030,-0014,0009,087.8411,025.6498,-007.7571
323290040,-1777,-0249,-0883,0029,-0018,0008,088.0509,026.0466,-008.0166
323295788,-1762,-0268,-0901,0031,-0014,0010,087.8809,026.2170,-007.9708
323301558,-1773,-0254,-0892,0026,-0011,0010,088.7466,026.9053,-008.7540
323307303,-1774,-0287,-0902,0022,-0010,0011,087.9430,026.4063,-008.0653
323313060,-1777,-0286,-0889,0023,-0006,0011,089.8518,026.6855,-009.3572
323318770,-1784,-0278,-0880,0021,-0005,0009,089.7637,026.2287,-009.1137
323324454,-1789,-0282,-0899,0021,-0001,0010,089.4749,025.9503,-008.8229
323330153,-1802,-0287,-0876,0022,0002,0013,089.3974,026.4570,-008.9735
323335882,-1788,-0294,-0871,0020,0005,0012,090.1370,025.5433,-009.0568
323341564,-1789,-0280,-0906,0013,0000,0014,090.5582,025.6884,-009.3705
323347178,-1794,-0282,-0855,0017,0002,0013,089.0501,026.6823,-008.8371
323352928,-1795,-0287,-0883,0019,0005,0011,090.3268,025.0161,-008.9442
323358665,-1804,-0278,-0893,0018,0000,0009,089.9006,026.0344,-009.1029
323364236,-1792,-0265,-0880,0021,0002,0006,089.2686,026.0718,-008.7283
323369872,-1790,-0286,-0865,0019,-0001,0000,088.8118,025.8888,-008.3772
323375432,-1794,-0261,-0861,0018,0000,-0001,090.3902,025.4681,-009.1541
323380959,-1775,-0267,-0866,0017,0001,-0004,088.8232,025.3967,-008.1943
323386620,-1782,-0261,-0882,0017,0003,-0005,089.2658,025.7994,-008.6033
323392285,-1760,-0259,-0880,0016,-0001,-0005,088.5675,026.1288,-008.3004
323397943,-1776,-0271,-0872,0017,0002,-0003,088.5846,026.3401,-008.3823
323403613,-1743,-0269,-0883,0021,-0003,-0002,089.4607,025.8312,-008.7160
323409275,-1757,-0261,-0876,0027,-0002,0002,089.0467,026.6632,-008.7817
323414926,-1745,-0268,-0883,0019,-0001,0005,088.7456,026.2102,-008.4189
323420620,-1745,-0245,-0873,0022,-0003,0004,089.0687,026.6045,-008.7634
323426279,-1750,-0250,-0863,0023,0002,0011,087.8908,026.3356,-007.9355
323431933,-1763,-0237,-0846,0020,0003,0011,088.4444,025.9971,-008.1427
323437639,-1752,-0267,-0883,0016,0004,0012,087.9196,025.3872,-007.6127
323443358,-1763,-0264,-0882,0013,0000,0008,089.1475,026.6155,-008.7917
323448944,-1764,-0267,-0889,0011,-0001,0007,088.8642,026.2952,-008.4882
323454622,-1775,-0268,-0881,0009,0001,0007,088.9565,026.5102,-008.6196
323460240,-1787,-0278,-0872,0012,0000,0007,089.1589,026.0951,-008.5803
323465777,-1775,-0285,-0885,0017,0002,0009,089.8899,025.7055,-008.8674
323471442,-1787,-0267,-0886,0017,-0004,0009,089.9882,026.2758,-009.1548
323477120,-1772,-0255,-0880,0023,-0005,0010,088.8992,026.0980,-008.4144
323482820,-1773,-0270,-0885,0021,-0004,0010,088.4308,026.1833,-008.1579
323488530,-1796,-0255,-0885,0024,-0001,0012,089.3169,026.2739,-008.7292
323494226,-1773,-0258,-0871,0030,0000,0010,088.3043,025.9703,-008.0008
323499767,-1776,-0258,-0893,0032,0006,0009,088.8499,025.9217,-008.3073
323505442,-1774,-0271,-0834,0031,0008,0002,088.4161,026.5284,-008.2639
323511086,-1788,-0258,-0893,0032,0011,-0003,090.3084,024.7972,-008.7256
323516832,-1790,-0267,-0861,0031,0012,-0002,088.2088,026.5363,-008.1371
323522527,-1807,-0267,-0848,0031,0010,-0004,089.6418,025.3040,-008.5342
323528239,-1788,-0257,-0862,0035,0007,-0004,089.7061,024.8503,-008.3955
323533869,-1801,-0281,-0886,0031,0005,0000,088.8107,025.5959,-008.1558
323539416,-1792,-0269,-0875,0033,0000,0002,089.8969,025.9523,-008.9424
323544963,-1789,-0292,-0860,0036,-0001,0007,089.2904,025.7536,-008.4992
323550631,-1788,-0293,-0839,0033,-0002,0013,091.0250,025.3299,-009.3686
323556374,-1776,-0289,-0862,0034,-0010,0017,091.2969,024.7734,-009.2959
323562155,-1797,-0283,-0858,0029,-0010,0016,090.5144,025.7184,-009.2318
323567932,-1773,-0267,-0880,0025,-0004,0017,090.3380,025.1797,-008.9059
323573647,-1769,-0275,-0874,0026,-0001,0022,088.9575,026.2797,-008.5084
323579374,-1761,-0265,-0864,0026,0004,0015,089.7470,025.9873,-008.8768
323585086,-1745,-0270,-0848,0023,0008,0011,089.2404,025.8709,-008.5231
323590828,-1767,-0269,-0858,0021,0011,0008,089.8837,025.6378,-008.8165
323596573,-1763,-0267,-0914,0023,0013,0005,089.5829,025.6464,-008.6385
323602298,-1754,-0275,-0869,0022,0012,0000,088.4855,027.3758,-008.6109
323607879,-1758,-0274,-0872,0019,0012,-0006,089.8579,025.9951,-008.9357
323613576,-1787,-0276,-0872,0017,0013,-0014,089.6550,026.1254,-008.8584
323619343,-1785,-0285,-0862,0014,0010,-0011,089.8069,025.6929,-008.7747
323625092,-1775,-0283,-0865,0011,0002,-0011,090.5449,025.4655,-009.1205
323630854,-1781,-0304,-0843,0008,0000,-0010,090.2621,025.7318,-009.0542
323636370,-1776,-0291,-0880,0005,0000,-0004,091.9723,024.9482,-009.7436
323641876,-1785,-0282,-0871,0005,-0005,-0003,090.3152,026.1740,-009.2586
323647481,-1797,-0287,-0886,0011,-0002,-0003,090.1424,025.6811,-008.9479
323653162,-1792,-0274,-0856,0011,-0009,-0001,090.1791,025.9903,-009.0909
323658835,-1803,-0267,-0830,0007,-0007,0001,089.9803,025.1832,-008.6436
323664437,-1789,-0261,-0871,0005,-0012,-0001,090.1019,024.3989,-008.3989
323670081,-1791,-0278,-0851,0007,-0013,-0004,088.9356,025.8969,-008.2882
323675769,-1804,-0285,-0886,-0004,-0015,0001,090.5260,025.0475,-008.8901
323681394,-1783,-0294,-0900,-0006,-0016,-0002,090.0762,025.9676,-008.9857
323687016,-1777,-0274,-0869,-0008,-0019,-0002,090.3978,026.5282,-009.4057
323692690,-1772,-0285,-0880,-0004,-0015,0002,089.7820,025.6995,-008.6850
323698367,-1779,-0285,-0861,0003,-0014,0004,090.3225,026.1710,-009.1970
323703997,-1741,-0289,-0861,0005,-0015,0005,090.6277,025.4635,-009.0881
323709651,-1777,-0264,-0871,0012,-0003,0011,090.8215,026.0442,-009.4470
323715369,-1749,-0265,-0871,0017,0001,0010,089.0997,025.8399,-008.3153
323721094,-1745,-0244,-0869,0020,-0001,0006,089.3960,026.2501,-008.6461
323726708,-1779,-0237,-0876,0021,-0001,0003,088.2075,026.2500,-007.9184
323732375,-1775,-0238,-0860,0015,0002,0000,087.7526,025.9868,-007.5485
323737918,-1783,-0246,-0863,0009,0002,-0003,088.1465,025.6220,-007.6460
323743503,-1775,-0266,-0871,0003,0003,-0002,088.5653,025.6161,-007.8789
323749087,-1773,-0276,-0882,0000,-0001,0001,089.5958,025.9157,-008.5935
323754557,-1796,-0277,-0869,-0004,-0002,0001,089.8810,026.1999,-008.8701
323760163,-1779,-0273,-0870,-0003,-0003,0005,090.1647,025.4864,-008.7531
323765770,-1771,-0288,-0866,0001,-0007,0011,089.8828,025.8330,-008.7154
323771432,-1767,-0298,-0877,0004,-0005,0015,090.8934,025.7531,-009.2926
323777092,-1762,-0279,-0875,0002,-0009,0018,091.1475,026.1147,-009.6002
323782750,-1774,-0299,-0835,0003,-0003,0021,090.0518,026.1265,-008.9234
323788426,-1751,-0288,-0839,0005,-0002,0018,092.1606,024.7753,-009.6224
323794090,-1761,-0280,-0862,0003,-0002,0020,091.2232,025.3423,-009.3109
323799698,-1753,-0275,-0874,-0001,-0003,0020,090.3712,025.8406,-008.9996
323805305,-1758,-0268,-0850,0005,-0004,0017,089.9472,026.2535,-008.9011
323810962,-1772,-0270,-0851,0007,-0007,0014,090.0263,025.4890,-008.6445
323816641,-1772,-0248,-0878,0008,-0007,0017,090.1266,025.3830,-008.6591
323822300,-1794,-0257,-0878,0001,-0007,0015,088.2924,026.2279,-007.8726
323827957,-1782,-0258,-0853,0001,-0007,0016,089.0740,025.7992,-008.1786
323833634,-1799,-0262,-0901,0006,0000,0012,089.5074,025.2939,-008.2404
323839133,-1790,-0265,-0871,0011,0000,0009,088.8725,026.4605,-008.2876
323844700,-1799,-0267,-0850,0014,0006,0006,089.6374,025.6268,-008.4341
323850300,-1788,-0251,-0887,0019,-0001,0006,090.0786,024.9835,-008.4429
323855959,-1783,-0257,-0861,0025,0004,0000,088.3842,026.3214,-007.9332
323861460,-1758,-0248,-0862,0029,0007,-0003,089.4023,025.4771,-008.2313
323867114,-1787,-0248,-0874,0032,0011,-0001,088.7584,025.9369,-008.0171
323872850,-1777,-0236,-0869,0040,0012,-0002,088.6094,025.8366,-007.8919
323878538,-1785,-0243,-0910,0048,0014,0004,087.9780,025.8680,-007.5312
323884228,-1776,-0261,-0888,0052,0018,0007,087.8091,026.9309,-007.7891
323889948,-1774,-0244,-0875,0047,0016,0010,089.2708,026.2396,-008.4431
323895685,-1761,-0264,-0874,0047,0017,0014,088.2531,026.0187,-007.7532
323901503,-1783,-0269,-0875,0045,0012,0017,089.6242,026.1612,-008.6336
323907239,-1790,-0268,-0863,0038,0014,0020,089.7124,025.8486,-008.5703
323912984,-1798,-0273,-0852,0039,0015,0022,089.8576,025.4442,-008.5051
323918767,-1797,-0279,-0881,0035,0012,0025,090.3565,025.0536,-008.6484
323924515,-1777,-0277,-0863,0036,0012,0025,090.0762,025.9652,-008.8470
323930300,-1792,-0275,-0885,0029,0005,0026,090.3360,025.5858,-008.8560
323936005,-1795,-0291,-0872,0033,-0002,0025,089.7578,026.0740,-008.7019
323941700,-1798,-0283,-0859,0031,0001,0025,091.0252,025.5595,-009.2672
323947399,-1779,-0291,-0874,0028,0001,0024,090.6322,025.2245,-008.8979
323953100,-1763,-0288,-0855,0033,0004,0022,090.8624,025.9579,-009.3435
323958852,-1759,-0276,-0872,0033,0008,0019,091.0216,025.5341,-009.2681
323964572,-1774,-0273,-0852,0033,0014,0017,089.9500,026.1620,-008.8745
323970365,-1783,-0278,-0883,0036,0016,0015,090.2777,025.2972,-008.7326
323976172,-1764,-0280,-0858,0040,0021,0011,089.9285,026.2058,-008.8861
323981951,-1777,-0269,-0845,0039,0019,0002,090.5789,025.5977,-009.0412
323987673,-1783,-0269,-0859,0036,0014,0003,090.0787,025.1354,-008.5627
323993380,-1804,-0293,-0855,0032,0011,-0001,089.8641,025.5211,-008.5874
323999165,-1792,-0270,-0877,0028,0009,-0002,091.4588,025.0070,-009.3220
324004829,-1806,-0285,-0838,0022,0007,-0004,089.4139,025.9311,-008.4740
324010510,-1776,-0277,-0872,0019,-0001,-0005,091.3658,024.4648,-009.0305
324016198,-1767,-0255,-0877,0018,0003,0000,089.9348,026.0849,-008.8429
324021730,-1752,-0270,-0897,0013,0006,0000,088.7640,026.1693,-008.1577
324027280,-1765,-0283,-0890,0016,0008,0010,089.3912,026.9050,-008.8164
324032983,-1769,-0264,-0872,0020,0015,0016,090.2197,026.4147,-009.1445
324038751,-1782,-0256,-0897,0018,0017,0015,089.3083,025.9401,-008.3991
324044532,-1765,-0270,-0868,0018,0014,0014,088.5025,026.5727,-008.1373
324050307,-1779,-0268,-0849,0017,0012,0012,089.9836,025.8477,-008.7647
324056040,-1789,-0283,-0889,0011,0013,0011,090.0395,025.1949,-008.5398
324061849,-1786,-0279,-0903,0008,0018,0008,090.1816,026.3016,-009.0597
324067514,-1772,-0287,-0886,0002,0015,0006,089.6838,026.5790,-008.8536
324073167,-1778,-0279,-0880,0004,0015,0006,090.5333,026.2350,-009.2417
324078823,-1801,-0294,-0860,0007,0014,0005,090.0740,026.0383,-008.8755
324084471,-1785,-0272,-0890,0008,0010,0001,091.4197,025.1444,-009.3164
324090135,-1792,-0288,-0883,0006,0010,0000,089.3772,026.3879,-008.5765
324095650,-1777,-0275,-0877,0010,0013,0002,090.6755,025.9066,-009.1802
324101333,-1772,-0258,-0873,0012,0016,-0002,089.8989,026.0171,-008.7471
324107131,-1789,-0251,-0890,0016,0018,-0002,089.0496,025.9918,-008.2200
324112853,-1789,-0260,-0844,0022,0018,-0003,088.4603,026.2653,-007.9589
324118561,-1795,-0245,-0843,0025,0017,-0003,089.9344,024.8781,-008.3121
324124259,-1786,-0250,-0852,0021,0021,-0002,088.8084,024.9700,-007.7029
324129951,-1789,-0251,-0857,0019,0021,0000,089.1167,025.3362,-008.0065
324135564,-1781,-0264,-0853,0016,0023,0005,089.0508,025.3918,-007.9846
324141286,-1789,-0278,-0864,0012,0021,0002,089.9527,025.3513,-008.4915
324146989,-1790,-0270,-0862,0008,0021,0003,090.4886,025.5410,-008.8802
324152658,-1760,-0285,-0866,0008,0018,0005,089.9719,025.4584,-008.5374
324158347,-1760,-0277,-0851,0011,0017,0011,090.8551,025.9624,-009.2700
324164128,-1753,-0278,-0882,0012,0012,0016,090.5725,025.4878,-008.9042
324169900,-1753,-0265,-0849,0020,0012,0022,090.0646,026.5504,-009.0196
324175622,-1750,-0262,-0875,0023,0013,0024,089.9697,025.5166,-008.5578
324181339,-1766,-0255,-0870,0025,0015,0025,089.3217,026.3997,-008.5042
324187103,-1748,-0281,-0878,0029,0015,0021,089.0596,025.9464,-008.1775
324192875,-1751,-0236,-0860,0025,0017,0017,090.4922,026.4334,-009.2441
324198630,-1770,-0266,-0839,0026,0015,0013,088.0129,025.9168,-007.5434
324204426,-1766,-0266,-0873,0025,0014,0006,090.4904,025.0259,-008.6621
324210134,-1773,-0271,-0870,0024,0018,0005,089.5525,026.1882,-008.5550
324215862,-1784,-0284,-0884,0019,0011,0000,090.0366,025.8375,-008.7108
324221495,-1784,-0278,-0861,0016,0010,-0004,090.4876,026.1065,-009.0901
324227179,-1807,-0297,-0875,0012,0010,0000,090.5176,025.4175,-008.8282
324232772,-1785,-0281,-0872,0018,0011,0007,091.3525,025.5543,-009.3861
324238518,-1794,-0273,-0893,0027,0008,0013,090.3523,025.7917,-008.8808
324244253,-1778,-0270,-0883,0031,0002,0014,089.6242,026.2565,-008.6204
324250009,-1758,-0253,-0889,0034,0005,0018,089.7216,026.1346,-008.6351
324255732,-1783,-0278,-0900,0028,0006,0023,088.5884,026.6458,-008.1290
324261413,-1776,-0268,-0868,0032,0009,0020,090.0070,026.4906,-008.9523
324267120,-1802,-0246,-0892,0028,0017,0021,089.8123,025.7095,-008.5312
324272920,-1776,-0245,-0901,0029,0017,0018,088.0623,026.1912,-007.6594
324278706,-1791,-0256,-0876,0023,0015,0019,088.1113,026.7641,-007.8813
324284458,-1772,-0276,-0885,0023,0017,0016,089.2063,025.7136,-008.1663
324290234,-1790,-0274,-0860,0015,0016,0010,090.1178,026.3595,-008.9627
324295968,-1797,-0289,-0873,0013,0018,0003,090.3419,025.2802,-008.6687
324301724,-1778,-0305,-0878,0015,0015,0002,090.9727,025.6785,-009.2054
324307407,-1781,-0284,-0890,0016,0017,-0001,091.7329,025.9948,-009.8092
324313129,-1779,-0300,-0886,0018,0015,-0001,090.1588,026.3072,-008.9592
324318770,-1792,-0301,-0874,0015,0014,0002,091.3765,026.1408,-009.6483
324324497,-1808,-0299,-0895,0014,0014,0002,091.5243,025.6311,-009.5212
324330233,-1790,-0297,-0896,0008,0017,0003,090.9726,026.0867,-009.3734
324335940,-1779,-0290,-0865,0010,0012,0004,090.9110,026.3092,-009.4264
324341634,-1776,-0287,-0868,0008,0018,0005,091.1159,025.5536,-009.2355
324347326,-1787,-0287,-0865,0005,0014,0004,090.8523,025.7885,-009.1706
324353055,-1779,-0297,-0881,0005,0017,0000,090.9556,025.5159,-009.1179
324358643,-1759,-0280,-0868,0008,0016,0004,091.2157,026.1003,-009.5203
324364304,-1758,-0271,-0876,0012,0016,-0001,090.4596,025.9742,-008.9995
324370051,-1759,-0284,-0856,0012,0023,0003,089.8511,026.2566,-008.7351
324375733,-1771,-0261,-0875,0016,0019,0004,091.0616,025.6106,-009.2129
324381433,-1760,-0257,-0875,0021,0017,0006,089.1908,026.1101,-008.2768
324387135,-1782,-0252,-0872,0020,0016,0006,089.1942,026.2083,-008.3118
324392842,-1754,-0231,-0884,0023,0016,0005,088.9476,025.8061,-008.0147
324398582,-1758,-0236,-0870,0021,0019,0005,087.5281,026.6415,-007.4443
324404313,-1759,-0235,-0874,0029,0015,0006,088.2206,026.0787,-007.6684
324410048,-1775,-0218,-0861,0028,0015,0010,088.0266,026.2394,-007.6035
324415771,-1761,-0241,-0870,0031,0015,0012,087.2161,025.6518,-006.9344
324421532,-1766,-0245,-0894,0034,0014,0016,088.5877,026.1352,-007.8964
324427315,-1772,-0253,-0892,0031,0016,0020,088.2594,026.7095,-007.8957
324433067,-1775,-0277,-0873,0035,0019,0024,088.8259,026.4606,-008.1562
324438807,-1765,-0289,-0880,0034,0015,0026,090.5322,025.8443,-008.9647
324444602,-1776,-0281,-0887,0032,0014,0028,090.8667,026.2552,-009.3440
324450379,-1764,-0280,-0881,0035,0011,0032,090.1889,026.2590,-008.9303
324456171,-1769,-0281,-0868,0036,0016,0032,090.3339,026.2582,-009.0255
324462025,-1775,-0267,-0898,0035,0016,0036,090.6124,025.7976,-009.0174
324467772,-1765,-0277,-0871,0039,0021,0039,089.1505,026.7017,-008.4751
324473589,-1766,-0274,-0866,0045,0025,0042,090.4454,025.8993,-008.9709
324479370,-1779,-0255,-0881,0048,0024,0042,090.1636,025.8536,-008.7913
324485128,-1783,-0259,-0900,0050,0021,0045,088.7347,026.1588,-008.0517
324490824,-1786,-0238,-0872,0050,0015,0047,088.8454,026.5976,-008.2841
324496562,-1788,-0245,-0890,0047,0014,0048,088.0154,025.7204,-007.4844
324502352,-1770,-0241,-0883,0047,0016,0047,088.2557,026.3363,-007.8415
324508162,-1789,-0238,-0888,0048,0018,0053,088.0771,026.3025,-007.7277
324514009,-1777,-0231,-0881,0046,0024,0053,087.8212,026.1882,-007.5405
324519797,-1777,-0235,-0865,0049,0018,0058,087.5316,026.1833,-007.3716
324525594,-1789,-0248,-0878,0053,0016,0061,088.0790,025.7047,-007.5407
324531349,-1788,-0247,-0871,0057,0016,0064,088.5733,025.9610,-007.9292
324537176,-1772,-0240,-0901,0054,0022,0066,088.5402,025.7324,-007.8381
324543002,-1752,-0245,-0864,0061,0028,0065,087.5784,026.9239,-007.6764
324548765,-1772,-0252,-0862,0066,0033,0073,088.5921,025.9570,-007.9701
324554538,-1812,-0250,-0868,0073,0030,0072,088.9390,025.6917,-008.0946
324560257,-1786,-0233,-0871,0071,0025,0078,088.6310,025.3523,-007.8072
324566029,-1798,-0249,-0889,0071,0020,0084,087.5147,025.8826,-007.3526
324571787,-1798,-0236,-0870,0063,0018,0084,088.3434,026.1268,-007.9380
324577584,-1783,-0249,-0870,0061,0011,0086,087.7196,025.5565,-007.3865
324583372,-1794,-0252,-0886,0058,0015,0090,088.6116,025.8318,-008.0144
324589112,-1778,-0245,-0907,0053,0015,0088,088.3567,026.0962,-007.9675
324594921,-1779,-0266,-0866,0049,0020,0092,087.5882,026.9297,-007.7974
324600686,-1790,-0276,-0873,0052,0018,0093,089.6767,025.5436,-008.5722
324606489,-1765,-0258,-0882,0054,0017,0095,089.8316,025.7674,-008.7670
324612273,-1772,-0251,-0899,0056,0016,0097,088.5218,026.3907,-008.2225
324618048,-1776,-0256,-0882,0056,0015,0098,087.9628,026.7172,-008.0079
324623798,-1778,-0240,-0895,0060,0017,0102,088.6176,026.1005,-008.2006
324629561,-1774,-0255,-0868,0055,0022,0103,087.2924,026.5799,-007.5776
324635364,-1790,-0263,-0855,0049,0022,0101,088.8541,025.7431,-008.2321
324641165,-1794,-0248,-0885,0048,0029,0098,089.3554,025.2325,-008.3475
324646971,-1767,-0257,-0895,0042,0032,0096,087.7664,026.1809,-007.7633
324652750,-1781,-0265,-0877,0042,0031,0090,088.3756,026.6997,-008.3272
324658516,-1781,-0265,-0863,0043,0036,0089,089.0713,025.8736,-008.4554
324664298,-1767,-0250,-0868,0040,0030,0090,089.2097,025.5769,-008.4355
324669971,-1772,-0254,-0889,0039,0030,0086,088.1814,025.9861,-007.9834
324675751,-1774,-0255,-0875,0040,0031,0084,088.1626,026.4862,-008.1584
324681474,-1774,-0258,-0890,0035,0031,0085,088.4538,025.9712,-008.1554
324687232,-1763,-0254,-0883,0028,0035,0083,088.3196,026.4815,-008.2651
324693018,-1784,-0255,-0889,0031,0038,0087,088.2058,026.3665,-008.1602
324698761,-1760,-0248,-0902,0032,0037,0089,088.1649,026.2539,-008.1015
324704552,-1795,-0240,-0897,0030,0037,0092,087.5146,027.0191,-007.9767
324710300,-1784,-0228,-0906,0027,0030,0093,087.2043,026.2719,-007.5366
324716058,-1784,-0241,-0875,0029,0029,0090,086.3760,026.8143,-007.2144
324721799,-1785,-0238,-0886,0031,0027,0090,087.7884,025.8055,-007.7300
324727553,-1795,-0229,-0868,0028,0026,0096,087.1988,026.2642,-007.5405
324733326,-1776,-0245,-0909,0028,0031,0098,087.0118,025.5437,-007.1975
324739108,-1795,-0226,-0845,0026,0029,0096,087.3507,027.1158,-007.9290
324744847,-1810,-0239,-0857,0027,0036,0098,087.1731,024.7924,-007.0526
324750645,-1803,-0243,-0890,0028,0033,0104,087.8151,025.2106,-007.5573
324756430,-1789,-0230,-0881,0024,0032,0108,087.3892,026.2070,-007.6541
324762206,-1787,-0248,-0875,0021,0036,0113,086.7818,026.0187,-007.2357
324767960,-1787,-0237,-0893,0021,0037,0118,088.0824,025.8645,-007.9560
324773760,-1794,-0242,-0877,0023,0033,0126,086.8855,026.4406,-007.4445
324779560,-1795,-0228,-0900,0020,0032,0134,087.6284,025.7715,-007.6674
324785300,-1783,-0248,-0898,0014,0029,0140,086.2744,026.5503,-007.1239
324791114,-1784,-0235,-0896,0007,0026,0138,087.7147,026.5151,-007.9883
324796850,-1783,-0241,-0895,0011,0025,0141,086.7305,026.4726,-007.3818
324802636,-1760,-0248,-0887,0002,0024,0141,087.2461,026.4524,-007.6888
324808342,-1741,-0236,-0884,0003,0028,0142,087.7078,026.5397,-008.0040
324814059,-1771,-0236,-0886,-0001,0032,0141,086.9954,026.7360,-007.6378
324819779,-1762,-0236,-0884,-0006,0034,0139,087.0284,026.3426,-007.5277
324825511,-1748,-0218,-0860,-0006,0034,0142,087.0509,026.4642,-007.5829
324831248,-1767,-0223,-0881,-0006,0037,0143,086.3456,026.0022,-007.0150
324836984,-1751,-0237,-0890,0002,0038,0145,086.3865,026.3746,-007.1576
324842753,-1758,-0206,-0885,0004,0038,0147,087.0788,026.7914,-007.7162
324848486,-1753,-0207,-0869,0004,0041,0155,085.2039,026.5547,-006.5120
324854208,-1772,-0210,-0875,0001,0040,0156,085.6847,026.1959,-006.6918
324859907,-1767,-0211,-0857,-0005,0034,0164,085.7339,026.1253,-006.7001
324865644,-1757,-0219,-0873,-0022,0032,0172,086.0480,025.6853,-006.7478
324871451,-1745,-0217,-0873,-0030,0034,0180,086.2641,026.3284,-007.0692
324877237,-1722,-0214,-0878,-0035,0040,0193,086.1086,026.4263,-007.0055
324882966,-1707,-0211,-0857,-0034,0046,0205,085.8679,026.8803,-006.9994
324888748,-1714,-0220,-0882,-0034,0048,0214,085.9871,026.4962,-006.9550
324894558,-1715,-0217,-0827,-0032,0046,0222,086.1488,027.0939,-007.2404
324900379,-1702,-0214,-0855,-0034,0045,0226,086.7440,025.5678,-007.1146
324906161,-1701,-0220,-0830,-0034,0044,0231,086.1394,026.5317,-007.0669
324911966,-1729,-0213,-0868,-0032,0039,0231,086.8467,025.8411,-007.2697
324917781,-1743,-0213,-0864,-0031,0033,0226,085.8499,026.5474,-006.9056
324923570,-1737,-0211,-0865,-0033,0024,0225,085.9838,026.1805,-006.8749
324929326,-1769,-0197,-0863,-0033,0001,0224,085.8412,026.3151,-006.8322
324935059,-1790,-0182,-0850,-0031,-0016,0215,085.0257,025.8130,-006.2122
324940865,-1782,-0184,-0869,-0029,-0026,0206,084.3362,025.2037,-005.6603
324946680,-1798,-0170,-0863,-0027,-0034,0197,084.3216,025.9665,-005.8440
324952483,-1791,-0178,-0865,-0024,-0043,0188,083.5011,025.4567,-005.2512
324958267,-1792,-0173,-0883,-0009,-0054,0180,084.1557,025.6791,-005.6646
324964027,-1807,-0156,-0858,-0007,-0071,0177,083.5133,026.1650,-005.4160
324969779,-1818,-0140,-0864,-0006,-0073,0179,082.8133,025.1693,-004.7943
324975511,-1819,-0162,-0876,-0012,-0071,0183,081.7910,025.3492,-004.2725
324981312,-1826,-0158,-0886,-0022,-0066,0192,083.2568,025.6402,-005.1264
324987116,-1814,-0152,-0899,-0039,-0051,0205,082.6716,025.8010,-004.8275
324992940,-1811,-0185,-0884,-0054,-0044,0219,082.2346,026.3380,-004.6820
324998745,-1802,-0179,-0881,-0053,-0032,0233,084.5922,025.8261,-005.8925
325004571,-1799,-0177,-0876,-0053,-0027,0239,083.9063,025.9515,-005.5292
325010383,-1799,-0188,-0886,-0054,-0025,0246,083.9575,025.8304,-005.5218
325016166,-1789,-0216,-0882,-0068,-0025,0252,084.5320,026.1289,-005.9165
325021950,-1808,-0205,-0911,-0071,-0017,0258,086.2923,026.0677,-006.9144
325027733,-1781,-0193,-0908,-0066,-0009,0263,084.9358,026.6671,-006.2854
325033478,-1770,-0159,-0902,-0061,-0008,0261,084.4433,026.9077,-006.0519
325039207,-1773,-0135,-0912,-0063,-0004,0258,082.5061,026.9095,-004.8949